member,member_index,resolution,predictor,value
Loc(1),0,1,P1(a=0),256.0
Loc(1),0,1,P1(a=1),255.99999999999994
Loc(1),0,1,P1(a=2),256.0
Loc(1),0,1,P2,256.0
Loc(1),0,1,P2_mean,256.0
Loc(1),0,1,P3,0.4999999999999978
Loc(1),0,1,P4,nan
Loc(1),0,1,P4_method,not-solved
Loc(1),0,1,P4-int,256.0
Loc(1),0,1,P5_outdeg,3.0
Loc(1),0,1,P5_persist,0.33333333333333326
Loc(1),0,1,P6,284.580169971933
Loc(1),0,1,P7(1),2.7835871049945212e+16
Loc(1),0,1,P7(2),4270177395944849.5
Loc(1),0,1,P7_method,closed
Loc(1),0,1,P7_se,0.0
Loc(1),0,1,P8,0.9999999999999969
Loc(1),0,1,P8_min,0.9999999999999971
Loc(1),0,2,P1(a=0),128.0
Loc(1),0,2,P1(a=1),127.99999999999997
Loc(1),0,2,P1(a=2),128.0
Loc(1),0,2,P2,128.0
Loc(1),0,2,P2_mean,128.0
Loc(1),0,2,P3,0.4999999999999978
Loc(1),0,2,P4,nan
Loc(1),0,2,P4_method,not-solved
Loc(1),0,2,P4-int,128.0
Loc(1),0,2,P5_outdeg,3.0
Loc(1),0,2,P5_persist,0.6666666666666666
Loc(1),0,2,P6,255.00589026804187
Loc(1),0,2,P7(1),99986.13801725046
Loc(1),0,2,P7(2),499995000.00000006
Loc(1),0,2,P7_method,mc
Loc(1),0,2,P7_distinct,99990.0
Loc(1),0,2,P7_samples,100000.0
Loc(1),0,2,P8,0.9999999999999969
Loc(1),0,2,P8_min,0.9999999999999971
Loc(1),0,4,P1(a=0),64.0
Loc(1),0,4,P1(a=1),63.999999999999986
Loc(1),0,4,P1(a=2),64.0
Loc(1),0,4,P2,64.0
Loc(1),0,4,P2_mean,64.0
Loc(1),0,4,P3,0.4999999999999978
Loc(1),0,4,P4,0.9999999999999997
Loc(1),0,4,P4_method,solved
Loc(1),0,4,P4-int,64.0
Loc(1),0,4,P5_outdeg,3.0
Loc(1),0,4,P5_persist,0.8333333333333333
Loc(1),0,4,P6,229.9390300416028
Loc(1),0,4,P7(1),48359.892243029906
Loc(1),0,4,P7(2),52157.24523538801
Loc(1),0,4,P7_method,mc
Loc(1),0,4,P7_distinct,61930.0
Loc(1),0,4,P7_samples,100000.0
Loc(1),0,4,P8,0.9999999999999972
Loc(1),0,4,P8_min,0.9999999999999971
Loc(1),0,8,P1(a=0),32.0
Loc(1),0,8,P1(a=1),32.0
Loc(1),0,8,P1(a=2),32.0
Loc(1),0,8,P2,32.0
Loc(1),0,8,P2_mean,32.0
Loc(1),0,8,P3,0.4999999999999978
Loc(1),0,8,P4,1.0
Loc(1),0,8,P4_method,solved
Loc(1),0,8,P4-int,32.0
Loc(1),0,8,P5_outdeg,3.0
Loc(1),0,8,P5_persist,0.9166666666666667
Loc(1),0,8,P6,199.75280990060182
Loc(1),0,8,P7(1),1989.1107862964236
Loc(1),0,8,P7(2),1178.5894359143836
Loc(1),0,8,P7_method,mc
Loc(1),0,8,P7_distinct,7174.0
Loc(1),0,8,P7_samples,100000.0
Loc(1),0,8,P8,0.999999999999997
Loc(1),0,8,P8_min,0.999999999999997
Loc(1),0,16,P1(a=0),16.0
Loc(1),0,16,P1(a=1),15.999999999999996
Loc(1),0,16,P1(a=2),16.0
Loc(1),0,16,P2,16.0
Loc(1),0,16,P2_mean,16.0
Loc(1),0,16,P3,0.4999999999999978
Loc(1),0,16,P4,0.9999999999999997
Loc(1),0,16,P4_method,solved
Loc(1),0,16,P4-int,16.0
Loc(1),0,16,P5_outdeg,3.0
Loc(1),0,16,P5_persist,0.9583333333333333
Loc(1),0,16,P6,164.51215250990543
Loc(1),0,16,P7(1),195.1779298712662
Loc(1),0,16,P7(2),84.30328037460706
Loc(1),0,16,P7_method,mc
Loc(1),0,16,P7_distinct,991.0
Loc(1),0,16,P7_samples,100000.0
Loc(1),0,16,P8,0.9999999999999968
Loc(1),0,16,P8_min,0.9999999999999968
Loc(2),1,1,P1(a=0),256.0
Loc(2),1,1,P1(a=1),255.99999999999994
Loc(2),1,1,P1(a=2),256.0
Loc(2),1,1,P2,256.0
Loc(2),1,1,P2_mean,256.0
Loc(2),1,1,P3,0.5000000000000017
Loc(2),1,1,P4,nan
Loc(2),1,1,P4_method,not-solved
Loc(2),1,1,P4-int,256.0
Loc(2),1,1,P5_outdeg,5.0
Loc(2),1,1,P5_persist,0.20000000000000004
Loc(2),1,1,P6,251.88733005090955
Loc(2),1,1,P7(1),2.258123231223301e+34
Loc(2),1,1,P7(2),8.542847295808685e+31
Loc(2),1,1,P7_method,closed
Loc(2),1,1,P7_se,0.0
Loc(2),1,1,P8,1.000000000000004
Loc(2),1,1,P8_min,1.0000000000000044
Loc(2),1,2,P1(a=0),128.0
Loc(2),1,2,P1(a=1),127.99999999999997
Loc(2),1,2,P1(a=2),128.0
Loc(2),1,2,P2,128.0
Loc(2),1,2,P2_mean,128.0
Loc(2),1,2,P3,0.5000000000000017
Loc(2),1,2,P4,nan
Loc(2),1,2,P4_method,not-solved
Loc(2),1,2,P4-int,128.0
Loc(2),1,2,P5_outdeg,3.0
Loc(2),1,2,P5_persist,0.4000000000000001
Loc(2),1,2,P6,240.84033846876116
Loc(2),1,2,P7(1),100000.00000000001
Loc(2),1,2,P7(2),inf
Loc(2),1,2,P7_method,mc-saturated
Loc(2),1,2,P7_distinct,100000.0
Loc(2),1,2,P7_samples,100000.0
Loc(2),1,2,P8,1.000000000000004
Loc(2),1,2,P8_min,1.0000000000000044
Loc(2),1,4,P1(a=0),64.0
Loc(2),1,4,P1(a=1),63.999999999999986
Loc(2),1,4,P1(a=2),64.0
Loc(2),1,4,P2,64.0
Loc(2),1,4,P2_mean,64.0
Loc(2),1,4,P3,0.5000000000000017
Loc(2),1,4,P4,0.9999999999999998
Loc(2),1,4,P4_method,solved
Loc(2),1,4,P4-int,64.0
Loc(2),1,4,P5_outdeg,3.0
Loc(2),1,4,P5_persist,0.7000000000000001
Loc(2),1,4,P6,213.76477613675473
Loc(2),1,4,P7(1),99678.89635225486
Loc(2),1,4,P7(2),21551508.620689653
Loc(2),1,4,P7_method,mc
Loc(2),1,4,P7_distinct,99768.0
Loc(2),1,4,P7_samples,100000.0
Loc(2),1,4,P8,1.0000000000000044
Loc(2),1,4,P8_min,1.0000000000000044
Loc(2),1,8,P1(a=0),32.0
Loc(2),1,8,P1(a=1),32.0
Loc(2),1,8,P1(a=2),32.0
Loc(2),1,8,P2,32.0
Loc(2),1,8,P2_mean,32.0
Loc(2),1,8,P3,0.5000000000000017
Loc(2),1,8,P4,1.0
Loc(2),1,8,P4_method,solved
Loc(2),1,8,P4-int,32.0
Loc(2),1,8,P5_outdeg,3.0
Loc(2),1,8,P5_persist,0.8500000000000001
Loc(2),1,8,P6,188.0995032262236
Loc(2),1,8,P7(1),19438.800660031004
Loc(2),1,8,P7(2),11826.19575861074
Loc(2),1,8,P7_method,mc
Loc(2),1,8,P7_distinct,35418.0
Loc(2),1,8,P7_samples,100000.0
Loc(2),1,8,P8,1.0000000000000047
Loc(2),1,8,P8_min,1.0000000000000047
Loc(2),1,16,P1(a=0),16.0
Loc(2),1,16,P1(a=1),15.999999999999996
Loc(2),1,16,P1(a=2),16.0
Loc(2),1,16,P2,16.0
Loc(2),1,16,P2_mean,16.0
Loc(2),1,16,P3,0.5000000000000017
Loc(2),1,16,P4,1.0
Loc(2),1,16,P4_method,solved
Loc(2),1,16,P4-int,16.0
Loc(2),1,16,P5_outdeg,3.0
Loc(2),1,16,P5_persist,0.925
Loc(2),1,16,P6,157.06996610751133
Loc(2),1,16,P7(1),697.3462624362122
Loc(2),1,16,P7(2),406.7534768618005
Loc(2),1,16,P7_method,mc
Loc(2),1,16,P7_distinct,3373.0
Loc(2),1,16,P7_samples,100000.0
Loc(2),1,16,P8,1.0000000000000047
Loc(2),1,16,P8_min,1.0000000000000047
Loc(4),2,1,P1(a=0),256.0
Loc(4),2,1,P1(a=1),255.99999999999994
Loc(4),2,1,P1(a=2),256.0
Loc(4),2,1,P2,256.0
Loc(4),2,1,P2_mean,256.0
Loc(4),2,1,P3,0.49999999999999756
Loc(4),2,1,P4,nan
Loc(4),2,1,P4_method,not-solved
Loc(4),2,1,P4-int,256.0
Loc(4),2,1,P5_outdeg,9.0
Loc(4),2,1,P5_persist,0.11111111111111115
Loc(4),2,1,P6,214.26898349717408
Loc(4),2,1,P7(1),6.263701891180744e+54
Loc(4),2,1,P7(2),1.0482371307691295e+51
Loc(4),2,1,P7_method,closed
Loc(4),2,1,P7_se,0.0
Loc(4),2,1,P8,0.9999999999999966
Loc(4),2,1,P8_min,0.9999999999999966
Loc(4),2,2,P1(a=0),128.0
Loc(4),2,2,P1(a=1),127.99999999999997
Loc(4),2,2,P1(a=2),128.0
Loc(4),2,2,P2,128.0
Loc(4),2,2,P2_mean,128.0
Loc(4),2,2,P3,0.49999999999999756
Loc(4),2,2,P4,nan
Loc(4),2,2,P4_method,not-solved
Loc(4),2,2,P4-int,128.0
Loc(4),2,2,P5_outdeg,5.0
Loc(4),2,2,P5_persist,0.22222222222222232
Loc(4),2,2,P6,208.13176595153584
Loc(4),2,2,P7(1),100000.00000000001
Loc(4),2,2,P7(2),inf
Loc(4),2,2,P7_method,mc-saturated
Loc(4),2,2,P7_distinct,100000.0
Loc(4),2,2,P7_samples,100000.0
Loc(4),2,2,P8,0.9999999999999966
Loc(4),2,2,P8_min,0.9999999999999966
Loc(4),2,4,P1(a=0),64.0
Loc(4),2,4,P1(a=1),63.999999999999986
Loc(4),2,4,P1(a=2),64.0
Loc(4),2,4,P2,64.0
Loc(4),2,4,P2_mean,64.0
Loc(4),2,4,P3,0.49999999999999756
Loc(4),2,4,P4,1.0
Loc(4),2,4,P4_method,solved
Loc(4),2,4,P4-int,64.0
Loc(4),2,4,P5_outdeg,3.0
Loc(4),2,4,P5_persist,0.44444444444444464
Loc(4),2,4,P6,197.5577433462144
Loc(4),2,4,P7(1),100000.00000000001
Loc(4),2,4,P7(2),inf
Loc(4),2,4,P7_method,mc-saturated
Loc(4),2,4,P7_distinct,100000.0
Loc(4),2,4,P7_samples,100000.0
Loc(4),2,4,P8,0.9999999999999967
Loc(4),2,4,P8_min,0.9999999999999966
Loc(4),2,8,P1(a=0),32.0
Loc(4),2,8,P1(a=1),32.0
Loc(4),2,8,P1(a=2),32.0
Loc(4),2,8,P2,32.0
Loc(4),2,8,P2_mean,32.0
Loc(4),2,8,P3,0.49999999999999756
Loc(4),2,8,P4,1.0
Loc(4),2,8,P4_method,solved
Loc(4),2,8,P4-int,32.0
Loc(4),2,8,P5_outdeg,3.0
Loc(4),2,8,P5_persist,0.7222222222222223
Loc(4),2,8,P6,171.6705774742573
Loc(4),2,8,P7(1),98025.06212923618
Loc(4),2,8,P7(2),3387500.0000000005
Loc(4),2,8,P7_method,mc
Loc(4),2,8,P7_distinct,98583.0
Loc(4),2,8,P7_samples,100000.0
Loc(4),2,8,P8,0.9999999999999964
Loc(4),2,8,P8_min,0.9999999999999964
Loc(4),2,16,P1(a=0),16.0
Loc(4),2,16,P1(a=1),15.999999999999996
Loc(4),2,16,P1(a=2),16.0
Loc(4),2,16,P2,16.0
Loc(4),2,16,P2_mean,16.0
Loc(4),2,16,P3,0.49999999999999756
Loc(4),2,16,P4,1.0
Loc(4),2,16,P4_method,solved
Loc(4),2,16,P4-int,16.0
Loc(4),2,16,P5_outdeg,3.0
Loc(4),2,16,P5_persist,0.861111111111111
Loc(4),2,16,P6,145.49612304821773
Loc(4),2,16,P7(1),7543.555282392172
Loc(4),2,16,P7(2),3679.1742673035137
Loc(4),2,16,P7_method,mc
Loc(4),2,16,P7_distinct,20161.0
Loc(4),2,16,P7_samples,100000.0
Loc(4),2,16,P8,0.9999999999999962
Loc(4),2,16,P8_min,0.9999999999999962
Loc(8),3,1,P1(a=0),256.0
Loc(8),3,1,P1(a=1),255.99999999999994
Loc(8),3,1,P1(a=2),256.0
Loc(8),3,1,P2,256.0
Loc(8),3,1,P2_mean,256.0
Loc(8),3,1,P3,0.49999999999999956
Loc(8),3,1,P4,nan
Loc(8),3,1,P4_method,not-solved
Loc(8),3,1,P4-int,256.0
Loc(8),3,1,P5_outdeg,17.0
Loc(8),3,1,P5_persist,0.05882352941176471
Loc(8),3,1,P6,173.56570242709415
Loc(8),3,1,P7(1),6.602599152463639e+75
Loc(8),3,1,P7(2),3.1058026920741303e+71
Loc(8),3,1,P7_method,closed
Loc(8),3,1,P7_se,0.0
Loc(8),3,1,P8,1.0000000000000067
Loc(8),3,1,P8_min,1.000000000000006
Loc(8),3,2,P1(a=0),128.0
Loc(8),3,2,P1(a=1),127.99999999999997
Loc(8),3,2,P1(a=2),128.0
Loc(8),3,2,P2,128.0
Loc(8),3,2,P2_mean,128.0
Loc(8),3,2,P3,0.49999999999999956
Loc(8),3,2,P4,nan
Loc(8),3,2,P4_method,not-solved
Loc(8),3,2,P4-int,128.0
Loc(8),3,2,P5_outdeg,9.0
Loc(8),3,2,P5_persist,0.11764705882352944
Loc(8),3,2,P6,170.31658725587397
Loc(8),3,2,P7(1),100000.00000000001
Loc(8),3,2,P7(2),inf
Loc(8),3,2,P7_method,mc-saturated
Loc(8),3,2,P7_distinct,100000.0
Loc(8),3,2,P7_samples,100000.0
Loc(8),3,2,P8,1.0000000000000062
Loc(8),3,2,P8_min,1.000000000000006
Loc(8),3,4,P1(a=0),64.0
Loc(8),3,4,P1(a=1),63.999999999999986
Loc(8),3,4,P1(a=2),64.0
Loc(8),3,4,P2,64.0
Loc(8),3,4,P2_mean,64.0
Loc(8),3,4,P3,0.49999999999999956
Loc(8),3,4,P4,0.9999999999999998
Loc(8),3,4,P4_method,solved
Loc(8),3,4,P4-int,64.0
Loc(8),3,4,P5_outdeg,5.0
Loc(8),3,4,P5_persist,0.23529411764705885
Loc(8),3,4,P6,164.7185752883509
Loc(8),3,4,P7(1),100000.00000000001
Loc(8),3,4,P7(2),inf
Loc(8),3,4,P7_method,mc-saturated
Loc(8),3,4,P7_distinct,100000.0
Loc(8),3,4,P7_samples,100000.0
Loc(8),3,4,P8,1.0000000000000058
Loc(8),3,4,P8_min,1.0000000000000058
Loc(8),3,8,P1(a=0),32.0
Loc(8),3,8,P1(a=1),32.0
Loc(8),3,8,P1(a=2),32.0
Loc(8),3,8,P2,32.0
Loc(8),3,8,P2_mean,32.0
Loc(8),3,8,P3,0.49999999999999956
Loc(8),3,8,P4,1.0
Loc(8),3,8,P4_method,solved
Loc(8),3,8,P4-int,32.0
Loc(8),3,8,P5_outdeg,3.0
Loc(8),3,8,P5_persist,0.4705882352941177
Loc(8),3,8,P6,154.07101139977345
Loc(8),3,8,P7(1),100000.00000000001
Loc(8),3,8,P7(2),inf
Loc(8),3,8,P7_method,mc-saturated
Loc(8),3,8,P7_distinct,100000.0
Loc(8),3,8,P7_samples,100000.0
Loc(8),3,8,P8,1.0000000000000062
Loc(8),3,8,P8_min,1.000000000000006
Loc(8),3,16,P1(a=0),16.0
Loc(8),3,16,P1(a=1),15.999999999999996
Loc(8),3,16,P1(a=2),16.0
Loc(8),3,16,P2,16.0
Loc(8),3,16,P2_mean,16.0
Loc(8),3,16,P3,0.49999999999999956
Loc(8),3,16,P4,1.0
Loc(8),3,16,P4_method,solved
Loc(8),3,16,P4-int,16.0
Loc(8),3,16,P5_outdeg,3.0
Loc(8),3,16,P5_persist,0.7352941176470589
Loc(8),3,16,P6,128.71595465768388
Loc(8),3,16,P7(1),92756.09151105185
Loc(8),3,16,P7(2),837933.6349924585
Loc(8),3,16,P7_method,mc
Loc(8),3,16,P7_distinct,94871.0
Loc(8),3,16,P7_samples,100000.0
Loc(8),3,16,P8,1.0000000000000062
Loc(8),3,16,P8_min,1.000000000000006
Loc(16),4,1,P1(a=0),256.0
Loc(16),4,1,P1(a=1),255.99999999999994
Loc(16),4,1,P1(a=2),256.0
Loc(16),4,1,P2,256.0
Loc(16),4,1,P2_mean,256.0
Loc(16),4,1,P3,0.5000000000000014
Loc(16),4,1,P4,nan
Loc(16),4,1,P4_method,not-solved
Loc(16),4,1,P4-int,256.0
Loc(16),4,1,P5_outdeg,33.0
Loc(16),4,1,P5_persist,0.03030303030303029
Loc(16),4,1,P6,131.1148725128371
Loc(16),4,1,P7(1),3.5232810834222786e+96
Loc(16),4,1,P7(2),2.5379492522852742e+92
Loc(16),4,1,P7_method,closed
Loc(16),4,1,P7_se,0.0
Loc(16),4,1,P8,1.0000000000000036
Loc(16),4,1,P8_min,1.0000000000000036
Loc(16),4,2,P1(a=0),128.0
Loc(16),4,2,P1(a=1),127.99999999999997
Loc(16),4,2,P1(a=2),128.0
Loc(16),4,2,P2,128.0
Loc(16),4,2,P2_mean,128.0
Loc(16),4,2,P3,0.5000000000000014
Loc(16),4,2,P4,nan
Loc(16),4,2,P4_method,not-solved
Loc(16),4,2,P4-int,128.0
Loc(16),4,2,P5_outdeg,17.0
Loc(16),4,2,P5_persist,0.06060606060606058
Loc(16),4,2,P6,129.44108590948133
Loc(16),4,2,P7(1),100000.00000000001
Loc(16),4,2,P7(2),inf
Loc(16),4,2,P7_method,mc-saturated
Loc(16),4,2,P7_distinct,100000.0
Loc(16),4,2,P7_samples,100000.0
Loc(16),4,2,P8,1.0000000000000036
Loc(16),4,2,P8_min,1.0000000000000036
Loc(16),4,4,P1(a=0),64.0
Loc(16),4,4,P1(a=1),63.999999999999986
Loc(16),4,4,P1(a=2),64.0
Loc(16),4,4,P2,64.0
Loc(16),4,4,P2_mean,64.0
Loc(16),4,4,P3,0.5000000000000014
Loc(16),4,4,P4,0.9999999999999976
Loc(16),4,4,P4_method,solved
Loc(16),4,4,P4-int,64.0
Loc(16),4,4,P5_outdeg,9.0
Loc(16),4,4,P5_persist,0.12121212121212122
Loc(16),4,4,P6,126.55726156257555
Loc(16),4,4,P7(1),100000.00000000001
Loc(16),4,4,P7(2),inf
Loc(16),4,4,P7_method,mc-saturated
Loc(16),4,4,P7_distinct,100000.0
Loc(16),4,4,P7_samples,100000.0
Loc(16),4,4,P8,1.0000000000000036
Loc(16),4,4,P8_min,1.0000000000000036
Loc(16),4,8,P1(a=0),32.0
Loc(16),4,8,P1(a=1),32.0
Loc(16),4,8,P1(a=2),32.0
Loc(16),4,8,P2,32.0
Loc(16),4,8,P2_mean,32.0
Loc(16),4,8,P3,0.5000000000000014
Loc(16),4,8,P4,1.0
Loc(16),4,8,P4_method,solved
Loc(16),4,8,P4-int,32.0
Loc(16),4,8,P5_outdeg,5.0
Loc(16),4,8,P5_persist,0.24242424242424243
Loc(16),4,8,P6,121.07215289270238
Loc(16),4,8,P7(1),100000.00000000001
Loc(16),4,8,P7(2),inf
Loc(16),4,8,P7_method,mc-saturated
Loc(16),4,8,P7_distinct,100000.0
Loc(16),4,8,P7_samples,100000.0
Loc(16),4,8,P8,1.000000000000004
Loc(16),4,8,P8_min,1.0000000000000038
Loc(16),4,16,P1(a=0),16.0
Loc(16),4,16,P1(a=1),15.999999999999996
Loc(16),4,16,P1(a=2),16.0
Loc(16),4,16,P2,16.0
Loc(16),4,16,P2_mean,16.0
Loc(16),4,16,P3,0.5000000000000014
Loc(16),4,16,P4,0.9999999999999999
Loc(16),4,16,P4_method,solved
Loc(16),4,16,P4-int,16.0
Loc(16),4,16,P5_outdeg,3.0
Loc(16),4,16,P5_persist,0.48484848484848475
Loc(16),4,16,P6,110.26079542456637
Loc(16),4,16,P7(1),100000.00000000001
Loc(16),4,16,P7(2),inf
Loc(16),4,16,P7_method,mc-saturated
Loc(16),4,16,P7_distinct,100000.0
Loc(16),4,16,P7_samples,100000.0
Loc(16),4,16,P8,1.000000000000004
Loc(16),4,16,P8_min,1.0000000000000038
Loc(32),5,1,P1(a=0),256.0
Loc(32),5,1,P1(a=1),255.99999999999994
Loc(32),5,1,P1(a=2),256.0
Loc(32),5,1,P2,256.0
Loc(32),5,1,P2_mean,256.0
Loc(32),5,1,P3,0.5000000000000012
Loc(32),5,1,P4,nan
Loc(32),5,1,P4_method,not-solved
Loc(32),5,1,P4-int,0.0
Loc(32),5,1,P5_outdeg,0.0
Loc(32),5,1,P5_persist,0.015384615384615385
Loc(32),5,1,P6,87.73057117337066
Loc(32),5,1,P7(1),6.1177914793931725e+116
Loc(32),5,1,P7(2),1.8461541560303924e+113
Loc(32),5,1,P7_method,closed
Loc(32),5,1,P7_se,0.0
Loc(32),5,1,P8,1.0000000000000027
Loc(32),5,1,P8_min,1.0000000000000022
Loc(32),5,2,P1(a=0),128.0
Loc(32),5,2,P1(a=1),127.99999999999997
Loc(32),5,2,P1(a=2),128.0
Loc(32),5,2,P2,128.0
Loc(32),5,2,P2_mean,128.0
Loc(32),5,2,P3,0.5000000000000012
Loc(32),5,2,P4,nan
Loc(32),5,2,P4_method,not-solved
Loc(32),5,2,P4-int,128.0
Loc(32),5,2,P5_outdeg,33.0
Loc(32),5,2,P5_persist,0.03076923076923077
Loc(32),5,2,P6,86.88080259012906
Loc(32),5,2,P7(1),100000.00000000001
Loc(32),5,2,P7(2),inf
Loc(32),5,2,P7_method,mc-saturated
Loc(32),5,2,P7_distinct,100000.0
Loc(32),5,2,P7_samples,100000.0
Loc(32),5,2,P8,1.0000000000000036
Loc(32),5,2,P8_min,1.0000000000000033
Loc(32),5,4,P1(a=0),64.0
Loc(32),5,4,P1(a=1),63.999999999999986
Loc(32),5,4,P1(a=2),64.0
Loc(32),5,4,P2,64.0
Loc(32),5,4,P2_mean,64.0
Loc(32),5,4,P3,0.5000000000000012
Loc(32),5,4,P4,0.9999999999999998
Loc(32),5,4,P4_method,solved
Loc(32),5,4,P4-int,64.0
Loc(32),5,4,P5_outdeg,17.0
Loc(32),5,4,P5_persist,0.06153846153846154
Loc(32),5,4,P6,85.41670715246903
Loc(32),5,4,P7(1),100000.00000000001
Loc(32),5,4,P7(2),inf
Loc(32),5,4,P7_method,mc-saturated
Loc(32),5,4,P7_distinct,100000.0
Loc(32),5,4,P7_samples,100000.0
Loc(32),5,4,P8,1.0000000000000038
Loc(32),5,4,P8_min,1.0000000000000038
Loc(32),5,8,P1(a=0),32.0
Loc(32),5,8,P1(a=1),32.0
Loc(32),5,8,P1(a=2),32.0
Loc(32),5,8,P2,32.0
Loc(32),5,8,P2_mean,32.0
Loc(32),5,8,P3,0.5000000000000012
Loc(32),5,8,P4,1.0
Loc(32),5,8,P4_method,solved
Loc(32),5,8,P4-int,32.0
Loc(32),5,8,P5_outdeg,9.0
Loc(32),5,8,P5_persist,0.12307692307692308
Loc(32),5,8,P6,82.63195967391806
Loc(32),5,8,P7(1),100000.00000000001
Loc(32),5,8,P7(2),inf
Loc(32),5,8,P7_method,mc-saturated
Loc(32),5,8,P7_distinct,100000.0
Loc(32),5,8,P7_samples,100000.0
Loc(32),5,8,P8,1.0000000000000042
Loc(32),5,8,P8_min,1.000000000000004
Loc(32),5,16,P1(a=0),16.0
Loc(32),5,16,P1(a=1),15.999999999999996
Loc(32),5,16,P1(a=2),16.0
Loc(32),5,16,P2,16.0
Loc(32),5,16,P2_mean,16.0
Loc(32),5,16,P3,0.5000000000000012
Loc(32),5,16,P4,1.0
Loc(32),5,16,P4_method,solved
Loc(32),5,16,P4-int,16.0
Loc(32),5,16,P5_outdeg,5.0
Loc(32),5,16,P5_persist,0.24615384615384617
Loc(32),5,16,P6,77.14311665163365
Loc(32),5,16,P7(1),100000.00000000001
Loc(32),5,16,P7(2),inf
Loc(32),5,16,P7_method,mc-saturated
Loc(32),5,16,P7_distinct,100000.0
Loc(32),5,16,P7_samples,100000.0
Loc(32),5,16,P8,1.000000000000004
Loc(32),5,16,P8_min,1.0000000000000038
Perm(identity),6,1,P1(a=0),256.0
Perm(identity),6,1,P1(a=1),255.99999999999994
Perm(identity),6,1,P1(a=2),256.0
Perm(identity),6,1,P2,256.0
Perm(identity),6,1,P2_mean,256.0
Perm(identity),6,1,P3,0.49999999999999956
Perm(identity),6,1,P4,nan
Perm(identity),6,1,P4_method,not-solved
Perm(identity),6,1,P4-int,256.0
Perm(identity),6,1,P5_outdeg,1.0
Perm(identity),6,1,P5_persist,1.0
Perm(identity),6,1,P6,354.891356446692
Perm(identity),6,1,P7(1),255.99999999999994
Perm(identity),6,1,P7(2),256.0
Perm(identity),6,1,P7_method,enumerate
Perm(identity),6,1,P7_se,0.0
Perm(identity),6,1,P8,1.0000000000000002
Perm(identity),6,1,P8_min,1.0000000000000004
Perm(identity),6,2,P1(a=0),128.0
Perm(identity),6,2,P1(a=1),127.99999999999997
Perm(identity),6,2,P1(a=2),128.0
Perm(identity),6,2,P2,128.0
Perm(identity),6,2,P2_mean,128.0
Perm(identity),6,2,P3,0.49999999999999956
Perm(identity),6,2,P4,nan
Perm(identity),6,2,P4_method,not-solved
Perm(identity),6,2,P4-int,128.0
Perm(identity),6,2,P5_outdeg,1.0
Perm(identity),6,2,P5_persist,1.0
Perm(identity),6,2,P6,310.5299368908555
Perm(identity),6,2,P7(1),127.99999999999996
Perm(identity),6,2,P7(2),128.0
Perm(identity),6,2,P7_method,enumerate
Perm(identity),6,2,P7_se,0.0
Perm(identity),6,2,P8,1.0000000000000002
Perm(identity),6,2,P8_min,1.0000000000000004
Perm(identity),6,4,P1(a=0),64.0
Perm(identity),6,4,P1(a=1),63.999999999999986
Perm(identity),6,4,P1(a=2),64.0
Perm(identity),6,4,P2,64.0
Perm(identity),6,4,P2_mean,64.0
Perm(identity),6,4,P3,0.49999999999999956
Perm(identity),6,4,P4,1.0
Perm(identity),6,4,P4_method,solved
Perm(identity),6,4,P4-int,64.0
Perm(identity),6,4,P5_outdeg,1.0
Perm(identity),6,4,P5_persist,1.0
Perm(identity),6,4,P6,266.168517335019
Perm(identity),6,4,P7(1),63.99999999999998
Perm(identity),6,4,P7(2),64.0
Perm(identity),6,4,P7_method,enumerate
Perm(identity),6,4,P7_se,0.0
Perm(identity),6,4,P8,1.0000000000000002
Perm(identity),6,4,P8_min,1.0000000000000004
Perm(identity),6,8,P1(a=0),32.0
Perm(identity),6,8,P1(a=1),32.0
Perm(identity),6,8,P1(a=2),32.0
Perm(identity),6,8,P2,32.0
Perm(identity),6,8,P2_mean,32.0
Perm(identity),6,8,P3,0.49999999999999956
Perm(identity),6,8,P4,1.0
Perm(identity),6,8,P4_method,solved
Perm(identity),6,8,P4-int,32.0
Perm(identity),6,8,P5_outdeg,1.0
Perm(identity),6,8,P5_persist,1.0
Perm(identity),6,8,P6,221.8070977791825
Perm(identity),6,8,P7(1),32.0
Perm(identity),6,8,P7(2),32.0
Perm(identity),6,8,P7_method,enumerate
Perm(identity),6,8,P7_se,0.0
Perm(identity),6,8,P8,1.0000000000000004
Perm(identity),6,8,P8_min,1.0000000000000004
Perm(identity),6,16,P1(a=0),16.0
Perm(identity),6,16,P1(a=1),15.999999999999996
Perm(identity),6,16,P1(a=2),16.0
Perm(identity),6,16,P2,16.0
Perm(identity),6,16,P2_mean,16.0
Perm(identity),6,16,P3,0.49999999999999956
Perm(identity),6,16,P4,1.0
Perm(identity),6,16,P4_method,solved
Perm(identity),6,16,P4-int,16.0
Perm(identity),6,16,P5_outdeg,1.0
Perm(identity),6,16,P5_persist,1.0
Perm(identity),6,16,P6,177.445678223346
Perm(identity),6,16,P7(1),15.999999999999998
Perm(identity),6,16,P7(2),16.0
Perm(identity),6,16,P7_method,enumerate
Perm(identity),6,16,P7_se,0.0
Perm(identity),6,16,P8,1.0000000000000004
Perm(identity),6,16,P8_min,1.0000000000000004
Perm(shift-1),7,1,P1(a=0),256.0
Perm(shift-1),7,1,P1(a=1),255.99999999999994
Perm(shift-1),7,1,P1(a=2),256.0
Perm(shift-1),7,1,P2,256.0
Perm(shift-1),7,1,P2_mean,256.0
Perm(shift-1),7,1,P3,0.49999999999999956
Perm(shift-1),7,1,P4,nan
Perm(shift-1),7,1,P4_method,not-solved
Perm(shift-1),7,1,P4-int,256.0
Perm(shift-1),7,1,P5_outdeg,1.0
Perm(shift-1),7,1,P5_persist,0.0
Perm(shift-1),7,1,P6,354.891356446692
Perm(shift-1),7,1,P7(1),255.99999999999994
Perm(shift-1),7,1,P7(2),256.0
Perm(shift-1),7,1,P7_method,enumerate
Perm(shift-1),7,1,P7_se,0.0
Perm(shift-1),7,1,P8,0.7490196078431377
Perm(shift-1),7,1,P8_min,0.7490196078431376
Perm(shift-1),7,2,P1(a=0),128.0
Perm(shift-1),7,2,P1(a=1),127.99999999999997
Perm(shift-1),7,2,P1(a=2),128.0
Perm(shift-1),7,2,P2,128.0
Perm(shift-1),7,2,P2_mean,128.0
Perm(shift-1),7,2,P3,0.49999999999999956
Perm(shift-1),7,2,P4,nan
Perm(shift-1),7,2,P4_method,not-solved
Perm(shift-1),7,2,P4-int,128.0
Perm(shift-1),7,2,P5_outdeg,2.0
Perm(shift-1),7,2,P5_persist,0.5
Perm(shift-1),7,2,P6,266.168517335019
Perm(shift-1),7,2,P7(1),127.99999999999996
Perm(shift-1),7,2,P7(2),128.0
Perm(shift-1),7,2,P7_method,enumerate
Perm(shift-1),7,2,P7_se,0.0
Perm(shift-1),7,2,P8,0.7480314960629925
Perm(shift-1),7,2,P8_min,0.7480314960629925
Perm(shift-1),7,4,P1(a=0),64.0
Perm(shift-1),7,4,P1(a=1),63.999999999999986
Perm(shift-1),7,4,P1(a=2),64.0
Perm(shift-1),7,4,P2,64.0
Perm(shift-1),7,4,P2_mean,64.0
Perm(shift-1),7,4,P3,0.49999999999999956
Perm(shift-1),7,4,P4,1.0
Perm(shift-1),7,4,P4_method,solved
Perm(shift-1),7,4,P4-int,64.0
Perm(shift-1),7,4,P5_outdeg,2.0
Perm(shift-1),7,4,P5_persist,0.75
Perm(shift-1),7,4,P6,230.17906807941517
Perm(shift-1),7,4,P7(1),63.99999999999998
Perm(shift-1),7,4,P7(2),64.0
Perm(shift-1),7,4,P7_method,enumerate
Perm(shift-1),7,4,P7_se,0.0
Perm(shift-1),7,4,P8,0.7460317460317463
Perm(shift-1),7,4,P8_min,0.7460317460317464
Perm(shift-1),7,8,P1(a=0),32.0
Perm(shift-1),7,8,P1(a=1),32.0
Perm(shift-1),7,8,P1(a=2),32.0
Perm(shift-1),7,8,P2,32.0
Perm(shift-1),7,8,P2_mean,32.0
Perm(shift-1),7,8,P3,0.49999999999999956
Perm(shift-1),7,8,P4,1.0
Perm(shift-1),7,8,P4_method,solved
Perm(shift-1),7,8,P4-int,32.0
Perm(shift-1),7,8,P5_outdeg,2.0
Perm(shift-1),7,8,P5_persist,0.875
Perm(shift-1),7,8,P6,197.69380745877052
Perm(shift-1),7,8,P7(1),32.0
Perm(shift-1),7,8,P7(2),32.0
Perm(shift-1),7,8,P7_method,enumerate
Perm(shift-1),7,8,P7_se,0.0
Perm(shift-1),7,8,P8,0.7419354838709682
Perm(shift-1),7,8,P8_min,0.7419354838709681
Perm(shift-1),7,16,P1(a=0),16.0
Perm(shift-1),7,16,P1(a=1),15.999999999999996
Perm(shift-1),7,16,P1(a=2),16.0
Perm(shift-1),7,16,P2,16.0
Perm(shift-1),7,16,P2_mean,16.0
Perm(shift-1),7,16,P3,0.49999999999999956
Perm(shift-1),7,16,P4,1.0
Perm(shift-1),7,16,P4_method,solved
Perm(shift-1),7,16,P4-int,16.0
Perm(shift-1),7,16,P5_outdeg,2.0
Perm(shift-1),7,16,P5_persist,0.9375
Perm(shift-1),7,16,P6,162.4830120661326
Perm(shift-1),7,16,P7(1),15.999999999999998
Perm(shift-1),7,16,P7(2),16.0
Perm(shift-1),7,16,P7_method,enumerate
Perm(shift-1),7,16,P7_se,0.0
Perm(shift-1),7,16,P8,0.7333333333333336
Perm(shift-1),7,16,P8_min,0.7333333333333336
Perm(shift-4),8,1,P1(a=0),256.0
Perm(shift-4),8,1,P1(a=1),255.99999999999994
Perm(shift-4),8,1,P1(a=2),256.0
Perm(shift-4),8,1,P2,256.0
Perm(shift-4),8,1,P2_mean,256.0
Perm(shift-4),8,1,P3,0.49999999999999956
Perm(shift-4),8,1,P4,nan
Perm(shift-4),8,1,P4_method,not-solved
Perm(shift-4),8,1,P4-int,256.0
Perm(shift-4),8,1,P5_outdeg,1.0
Perm(shift-4),8,1,P5_persist,0.0
Perm(shift-4),8,1,P6,354.891356446692
Perm(shift-4),8,1,P7(1),255.99999999999994
Perm(shift-4),8,1,P7(2),256.0
Perm(shift-4),8,1,P7_method,enumerate
Perm(shift-4),8,1,P7_se,0.0
Perm(shift-4),8,1,P8,0.7529411764705887
Perm(shift-4),8,1,P8_min,0.7529411764705886
Perm(shift-4),8,2,P1(a=0),128.0
Perm(shift-4),8,2,P1(a=1),127.99999999999997
Perm(shift-4),8,2,P1(a=2),128.0
Perm(shift-4),8,2,P2,128.0
Perm(shift-4),8,2,P2_mean,128.0
Perm(shift-4),8,2,P3,0.49999999999999956
Perm(shift-4),8,2,P4,nan
Perm(shift-4),8,2,P4_method,not-solved
Perm(shift-4),8,2,P4-int,128.0
Perm(shift-4),8,2,P5_outdeg,1.0
Perm(shift-4),8,2,P5_persist,0.0
Perm(shift-4),8,2,P6,310.5299368908555
Perm(shift-4),8,2,P7(1),127.99999999999996
Perm(shift-4),8,2,P7(2),128.0
Perm(shift-4),8,2,P7_method,enumerate
Perm(shift-4),8,2,P7_se,0.0
Perm(shift-4),8,2,P8,0.5039370078740159
Perm(shift-4),8,2,P8_min,0.503937007874016
Perm(shift-4),8,4,P1(a=0),64.0
Perm(shift-4),8,4,P1(a=1),63.999999999999986
Perm(shift-4),8,4,P1(a=2),64.0
Perm(shift-4),8,4,P2,64.0
Perm(shift-4),8,4,P2_mean,64.0
Perm(shift-4),8,4,P3,0.49999999999999956
Perm(shift-4),8,4,P4,1.0
Perm(shift-4),8,4,P4_method,solved
Perm(shift-4),8,4,P4-int,64.0
Perm(shift-4),8,4,P5_outdeg,1.0
Perm(shift-4),8,4,P5_persist,0.0
Perm(shift-4),8,4,P6,266.168517335019
Perm(shift-4),8,4,P7(1),63.99999999999998
Perm(shift-4),8,4,P7(2),64.0
Perm(shift-4),8,4,P7_method,enumerate
Perm(shift-4),8,4,P7_se,0.0
Perm(shift-4),8,4,P8,0.0
Perm(shift-4),8,4,P8_min,0.0
Perm(shift-4),8,8,P1(a=0),32.0
Perm(shift-4),8,8,P1(a=1),32.0
Perm(shift-4),8,8,P1(a=2),32.0
Perm(shift-4),8,8,P2,32.0
Perm(shift-4),8,8,P2_mean,32.0
Perm(shift-4),8,8,P3,0.49999999999999956
Perm(shift-4),8,8,P4,1.0
Perm(shift-4),8,8,P4_method,solved
Perm(shift-4),8,8,P4-int,32.0
Perm(shift-4),8,8,P5_outdeg,2.0
Perm(shift-4),8,8,P5_persist,0.5
Perm(shift-4),8,8,P6,177.44567822334602
Perm(shift-4),8,8,P7(1),32.0
Perm(shift-4),8,8,P7(2),32.0
Perm(shift-4),8,8,P7_method,enumerate
Perm(shift-4),8,8,P7_se,0.0
Perm(shift-4),8,8,P8,0.0
Perm(shift-4),8,8,P8_min,0.0
Perm(shift-4),8,16,P1(a=0),16.0
Perm(shift-4),8,16,P1(a=1),15.999999999999996
Perm(shift-4),8,16,P1(a=2),16.0
Perm(shift-4),8,16,P2,16.0
Perm(shift-4),8,16,P2_mean,16.0
Perm(shift-4),8,16,P3,0.49999999999999956
Perm(shift-4),8,16,P4,1.0
Perm(shift-4),8,16,P4_method,solved
Perm(shift-4),8,16,P4-int,16.0
Perm(shift-4),8,16,P5_outdeg,2.0
Perm(shift-4),8,16,P5_persist,0.75
Perm(shift-4),8,16,P6,141.45622896774222
Perm(shift-4),8,16,P7(1),15.999999999999998
Perm(shift-4),8,16,P7(2),16.0
Perm(shift-4),8,16,P7_method,enumerate
Perm(shift-4),8,16,P7_se,0.0
Perm(shift-4),8,16,P8,0.0
Perm(shift-4),8,16,P8_min,0.0
Perm(shift-16),9,1,P1(a=0),256.0
Perm(shift-16),9,1,P1(a=1),255.99999999999994
Perm(shift-16),9,1,P1(a=2),256.0
Perm(shift-16),9,1,P2,256.0
Perm(shift-16),9,1,P2_mean,256.0
Perm(shift-16),9,1,P3,0.49999999999999956
Perm(shift-16),9,1,P4,nan
Perm(shift-16),9,1,P4_method,not-solved
Perm(shift-16),9,1,P4-int,256.0
Perm(shift-16),9,1,P5_outdeg,1.0
Perm(shift-16),9,1,P5_persist,0.0
Perm(shift-16),9,1,P6,354.891356446692
Perm(shift-16),9,1,P7(1),255.99999999999994
Perm(shift-16),9,1,P7(2),256.0
Perm(shift-16),9,1,P7_method,enumerate
Perm(shift-16),9,1,P7_se,0.0
Perm(shift-16),9,1,P8,0.9411764705882356
Perm(shift-16),9,1,P8_min,0.9411764705882356
Perm(shift-16),9,2,P1(a=0),128.0
Perm(shift-16),9,2,P1(a=1),127.99999999999997
Perm(shift-16),9,2,P1(a=2),128.0
Perm(shift-16),9,2,P2,128.0
Perm(shift-16),9,2,P2_mean,128.0
Perm(shift-16),9,2,P3,0.49999999999999956
Perm(shift-16),9,2,P4,nan
Perm(shift-16),9,2,P4_method,not-solved
Perm(shift-16),9,2,P4-int,128.0
Perm(shift-16),9,2,P5_outdeg,1.0
Perm(shift-16),9,2,P5_persist,0.0
Perm(shift-16),9,2,P6,310.5299368908555
Perm(shift-16),9,2,P7(1),127.99999999999996
Perm(shift-16),9,2,P7(2),128.0
Perm(shift-16),9,2,P7_method,enumerate
Perm(shift-16),9,2,P7_se,0.0
Perm(shift-16),9,2,P8,0.8818897637795279
Perm(shift-16),9,2,P8_min,0.8818897637795279
Perm(shift-16),9,4,P1(a=0),64.0
Perm(shift-16),9,4,P1(a=1),63.999999999999986
Perm(shift-16),9,4,P1(a=2),64.0
Perm(shift-16),9,4,P2,64.0
Perm(shift-16),9,4,P2_mean,64.0
Perm(shift-16),9,4,P3,0.49999999999999956
Perm(shift-16),9,4,P4,1.0
Perm(shift-16),9,4,P4_method,solved
Perm(shift-16),9,4,P4-int,64.0
Perm(shift-16),9,4,P5_outdeg,1.0
Perm(shift-16),9,4,P5_persist,0.0
Perm(shift-16),9,4,P6,266.168517335019
Perm(shift-16),9,4,P7(1),63.99999999999998
Perm(shift-16),9,4,P7(2),64.0
Perm(shift-16),9,4,P7_method,enumerate
Perm(shift-16),9,4,P7_se,0.0
Perm(shift-16),9,4,P8,0.7619047619047623
Perm(shift-16),9,4,P8_min,0.7619047619047623
Perm(shift-16),9,8,P1(a=0),32.0
Perm(shift-16),9,8,P1(a=1),32.0
Perm(shift-16),9,8,P1(a=2),32.0
Perm(shift-16),9,8,P2,32.0
Perm(shift-16),9,8,P2_mean,32.0
Perm(shift-16),9,8,P3,0.49999999999999956
Perm(shift-16),9,8,P4,1.0
Perm(shift-16),9,8,P4_method,solved
Perm(shift-16),9,8,P4-int,32.0
Perm(shift-16),9,8,P5_outdeg,1.0
Perm(shift-16),9,8,P5_persist,0.0
Perm(shift-16),9,8,P6,221.8070977791825
Perm(shift-16),9,8,P7(1),32.0
Perm(shift-16),9,8,P7(2),32.0
Perm(shift-16),9,8,P7_method,enumerate
Perm(shift-16),9,8,P7_se,0.0
Perm(shift-16),9,8,P8,0.5161290322580647
Perm(shift-16),9,8,P8_min,0.5161290322580647
Perm(shift-16),9,16,P1(a=0),16.0
Perm(shift-16),9,16,P1(a=1),15.999999999999996
Perm(shift-16),9,16,P1(a=2),16.0
Perm(shift-16),9,16,P2,16.0
Perm(shift-16),9,16,P2_mean,16.0
Perm(shift-16),9,16,P3,0.49999999999999956
Perm(shift-16),9,16,P4,1.0
Perm(shift-16),9,16,P4_method,solved
Perm(shift-16),9,16,P4-int,16.0
Perm(shift-16),9,16,P5_outdeg,1.0
Perm(shift-16),9,16,P5_persist,0.0
Perm(shift-16),9,16,P6,177.445678223346
Perm(shift-16),9,16,P7(1),15.999999999999998
Perm(shift-16),9,16,P7(2),16.0
Perm(shift-16),9,16,P7_method,enumerate
Perm(shift-16),9,16,P7_se,0.0
Perm(shift-16),9,16,P8,0.0
Perm(shift-16),9,16,P8_min,0.0
Perm(shift-64),10,1,P1(a=0),256.0
Perm(shift-64),10,1,P1(a=1),255.99999999999994
Perm(shift-64),10,1,P1(a=2),256.0
Perm(shift-64),10,1,P2,256.0
Perm(shift-64),10,1,P2_mean,256.0
Perm(shift-64),10,1,P3,0.49999999999999956
Perm(shift-64),10,1,P4,nan
Perm(shift-64),10,1,P4_method,not-solved
Perm(shift-64),10,1,P4-int,256.0
Perm(shift-64),10,1,P5_outdeg,1.0
Perm(shift-64),10,1,P5_persist,0.0
Perm(shift-64),10,1,P6,354.891356446692
Perm(shift-64),10,1,P7(1),255.99999999999994
Perm(shift-64),10,1,P7(2),256.0
Perm(shift-64),10,1,P7_method,enumerate
Perm(shift-64),10,1,P7_se,0.0
Perm(shift-64),10,1,P8,0.9882352941176472
Perm(shift-64),10,1,P8_min,0.9882352941176474
Perm(shift-64),10,2,P1(a=0),128.0
Perm(shift-64),10,2,P1(a=1),127.99999999999997
Perm(shift-64),10,2,P1(a=2),128.0
Perm(shift-64),10,2,P2,128.0
Perm(shift-64),10,2,P2_mean,128.0
Perm(shift-64),10,2,P3,0.49999999999999956
Perm(shift-64),10,2,P4,nan
Perm(shift-64),10,2,P4_method,not-solved
Perm(shift-64),10,2,P4-int,128.0
Perm(shift-64),10,2,P5_outdeg,1.0
Perm(shift-64),10,2,P5_persist,0.0
Perm(shift-64),10,2,P6,310.5299368908555
Perm(shift-64),10,2,P7(1),127.99999999999996
Perm(shift-64),10,2,P7(2),128.0
Perm(shift-64),10,2,P7_method,enumerate
Perm(shift-64),10,2,P7_se,0.0
Perm(shift-64),10,2,P8,0.9763779527559057
Perm(shift-64),10,2,P8_min,0.9763779527559059
Perm(shift-64),10,4,P1(a=0),64.0
Perm(shift-64),10,4,P1(a=1),63.999999999999986
Perm(shift-64),10,4,P1(a=2),64.0
Perm(shift-64),10,4,P2,64.0
Perm(shift-64),10,4,P2_mean,64.0
Perm(shift-64),10,4,P3,0.49999999999999956
Perm(shift-64),10,4,P4,1.0
Perm(shift-64),10,4,P4_method,solved
Perm(shift-64),10,4,P4-int,64.0
Perm(shift-64),10,4,P5_outdeg,1.0
Perm(shift-64),10,4,P5_persist,0.0
Perm(shift-64),10,4,P6,266.168517335019
Perm(shift-64),10,4,P7(1),63.99999999999998
Perm(shift-64),10,4,P7(2),64.0
Perm(shift-64),10,4,P7_method,enumerate
Perm(shift-64),10,4,P7_se,0.0
Perm(shift-64),10,4,P8,0.9523809523809528
Perm(shift-64),10,4,P8_min,0.9523809523809528
Perm(shift-64),10,8,P1(a=0),32.0
Perm(shift-64),10,8,P1(a=1),32.0
Perm(shift-64),10,8,P1(a=2),32.0
Perm(shift-64),10,8,P2,32.0
Perm(shift-64),10,8,P2_mean,32.0
Perm(shift-64),10,8,P3,0.49999999999999956
Perm(shift-64),10,8,P4,1.0
Perm(shift-64),10,8,P4_method,solved
Perm(shift-64),10,8,P4-int,32.0
Perm(shift-64),10,8,P5_outdeg,1.0
Perm(shift-64),10,8,P5_persist,0.0
Perm(shift-64),10,8,P6,221.8070977791825
Perm(shift-64),10,8,P7(1),32.0
Perm(shift-64),10,8,P7(2),32.0
Perm(shift-64),10,8,P7_method,enumerate
Perm(shift-64),10,8,P7_se,0.0
Perm(shift-64),10,8,P8,0.9032258064516133
Perm(shift-64),10,8,P8_min,0.9032258064516132
Perm(shift-64),10,16,P1(a=0),16.0
Perm(shift-64),10,16,P1(a=1),15.999999999999996
Perm(shift-64),10,16,P1(a=2),16.0
Perm(shift-64),10,16,P2,16.0
Perm(shift-64),10,16,P2_mean,16.0
Perm(shift-64),10,16,P3,0.49999999999999956
Perm(shift-64),10,16,P4,1.0
Perm(shift-64),10,16,P4_method,solved
Perm(shift-64),10,16,P4-int,16.0
Perm(shift-64),10,16,P5_outdeg,1.0
Perm(shift-64),10,16,P5_persist,0.0
Perm(shift-64),10,16,P6,177.445678223346
Perm(shift-64),10,16,P7(1),15.999999999999998
Perm(shift-64),10,16,P7(2),16.0
Perm(shift-64),10,16,P7_method,enumerate
Perm(shift-64),10,16,P7_se,0.0
Perm(shift-64),10,16,P8,0.8000000000000004
Perm(shift-64),10,16,P8_min,0.8000000000000004
Perm(random-0),11,1,P1(a=0),256.0
Perm(random-0),11,1,P1(a=1),255.99999999999994
Perm(random-0),11,1,P1(a=2),256.0
Perm(random-0),11,1,P2,256.0
Perm(random-0),11,1,P2_mean,256.0
Perm(random-0),11,1,P3,0.49999999999999956
Perm(random-0),11,1,P4,nan
Perm(random-0),11,1,P4_method,not-solved
Perm(random-0),11,1,P4-int,256.0
Perm(random-0),11,1,P5_outdeg,1.0
Perm(random-0),11,1,P5_persist,0.0
Perm(random-0),11,1,P6,354.891356446692
Perm(random-0),11,1,P7(1),255.99999999999994
Perm(random-0),11,1,P7(2),256.0
Perm(random-0),11,1,P7_method,enumerate
Perm(random-0),11,1,P7_se,0.0
Perm(random-0),11,1,P8,0.7838848039215691
Perm(random-0),11,1,P8_min,0.7490196078431376
Perm(random-0),11,2,P1(a=0),128.0
Perm(random-0),11,2,P1(a=1),127.99999999999997
Perm(random-0),11,2,P1(a=2),128.0
Perm(random-0),11,2,P2,128.0
Perm(random-0),11,2,P2_mean,128.0
Perm(random-0),11,2,P3,0.49999999999999956
Perm(random-0),11,2,P4,nan
Perm(random-0),11,2,P4_method,not-solved
Perm(random-0),11,2,P4-int,128.0
Perm(random-0),11,2,P5_outdeg,1.9921875
Perm(random-0),11,2,P5_persist,0.00390625
Perm(random-0),11,2,P6,266.515090925299
Perm(random-0),11,2,P7(1),255.99999999999994
Perm(random-0),11,2,P7(2),256.0
Perm(random-0),11,2,P7_method,enumerate
Perm(random-0),11,2,P7_se,0.0
Perm(random-0),11,2,P8,0.6350885826771657
Perm(random-0),11,2,P8_min,0.4960629921259845
Perm(random-0),11,4,P1(a=0),64.0
Perm(random-0),11,4,P1(a=1),63.999999999999986
Perm(random-0),11,4,P1(a=2),64.0
Perm(random-0),11,4,P2,64.0
Perm(random-0),11,4,P2_mean,64.0
Perm(random-0),11,4,P3,0.49999999999999956
Perm(random-0),11,4,P4,1.0
Perm(random-0),11,4,P4_method,solved
Perm(random-0),11,4,P4-int,64.0
Perm(random-0),11,4,P5_outdeg,3.90625
Perm(random-0),11,4,P5_persist,0.01171875
Perm(random-0),11,4,P6,179.5251197650258
Perm(random-0),11,4,P7(1),255.99999999999994
Perm(random-0),11,4,P7(2),256.0
Perm(random-0),11,4,P7_method,enumerate
Perm(random-0),11,4,P7_se,0.0
Perm(random-0),11,4,P8,0.42274305555555575
Perm(random-0),11,4,P8_min,0.19444444444444453
Perm(random-0),11,8,P1(a=0),32.0
Perm(random-0),11,8,P1(a=1),32.0
Perm(random-0),11,8,P1(a=2),32.0
Perm(random-0),11,8,P2,32.0
Perm(random-0),11,8,P2_mean,32.0
Perm(random-0),11,8,P3,0.49999999999999956
Perm(random-0),11,8,P4,1.0
Perm(random-0),11,8,P4_method,solved
Perm(random-0),11,8,P4-int,32.0
Perm(random-0),11,8,P5_outdeg,7.09375
Perm(random-0),11,8,P5_persist,0.03125
Perm(random-0),11,8,P6,98.90428526573334
Perm(random-0),11,8,P7(1),255.99999999999994
Perm(random-0),11,8,P7(2),256.0
Perm(random-0),11,8,P7_method,enumerate
Perm(random-0),11,8,P7_se,0.0
Perm(random-0),11,8,P8,0.20892137096774205
Perm(random-0),11,8,P8_min,0.05241935483870971
Perm(random-0),11,16,P1(a=0),16.0
Perm(random-0),11,16,P1(a=1),15.999999999999996
Perm(random-0),11,16,P1(a=2),16.0
Perm(random-0),11,16,P2,16.0
Perm(random-0),11,16,P2_mean,16.0
Perm(random-0),11,16,P3,0.49999999999999956
Perm(random-0),11,16,P4,1.0
Perm(random-0),11,16,P4_method,solved
Perm(random-0),11,16,P4-int,16.0
Perm(random-0),11,16,P5_outdeg,9.875
Perm(random-0),11,16,P5_persist,0.07421875
Perm(random-0),11,16,P6,38.160726848124966
Perm(random-0),11,16,P7(1),255.99999999999994
Perm(random-0),11,16,P7(2),256.0
Perm(random-0),11,16,P7_method,enumerate
Perm(random-0),11,16,P7_se,0.0
Perm(random-0),11,16,P8,0.10468750000000006
Perm(random-0),11,16,P8_min,0.0
Perm(random-1),12,1,P1(a=0),256.0
Perm(random-1),12,1,P1(a=1),255.99999999999994
Perm(random-1),12,1,P1(a=2),256.0
Perm(random-1),12,1,P2,256.0
Perm(random-1),12,1,P2_mean,256.0
Perm(random-1),12,1,P3,0.49999999999999956
Perm(random-1),12,1,P4,nan
Perm(random-1),12,1,P4_method,not-solved
Perm(random-1),12,1,P4-int,256.0
Perm(random-1),12,1,P5_outdeg,1.0
Perm(random-1),12,1,P5_persist,0.0
Perm(random-1),12,1,P6,354.891356446692
Perm(random-1),12,1,P7(1),255.99999999999994
Perm(random-1),12,1,P7(2),256.0
Perm(random-1),12,1,P7_method,enumerate
Perm(random-1),12,1,P7_se,0.0
Perm(random-1),12,1,P8,0.7907169117647064
Perm(random-1),12,1,P8_min,0.7490196078431376
Perm(random-1),12,2,P1(a=0),128.0
Perm(random-1),12,2,P1(a=1),127.99999999999997
Perm(random-1),12,2,P1(a=2),128.0
Perm(random-1),12,2,P2,128.0
Perm(random-1),12,2,P2_mean,128.0
Perm(random-1),12,2,P3,0.49999999999999956
Perm(random-1),12,2,P4,nan
Perm(random-1),12,2,P4_method,not-solved
Perm(random-1),12,2,P4-int,128.0
Perm(random-1),12,2,P5_outdeg,1.9921875
Perm(random-1),12,2,P5_persist,0.0
Perm(random-1),12,2,P6,266.515090925299
Perm(random-1),12,2,P7(1),255.99999999999994
Perm(random-1),12,2,P7(2),256.0
Perm(random-1),12,2,P7_method,enumerate
Perm(random-1),12,2,P7_se,0.0
Perm(random-1),12,2,P8,0.6251845472440949
Perm(random-1),12,2,P8_min,0.4960629921259845
Perm(random-1),12,4,P1(a=0),64.0
Perm(random-1),12,4,P1(a=1),63.999999999999986
Perm(random-1),12,4,P1(a=2),64.0
Perm(random-1),12,4,P2,64.0
Perm(random-1),12,4,P2_mean,64.0
Perm(random-1),12,4,P3,0.49999999999999956
Perm(random-1),12,4,P4,1.0
Perm(random-1),12,4,P4_method,solved
Perm(random-1),12,4,P4-int,64.0
Perm(random-1),12,4,P5_outdeg,3.921875
Perm(random-1),12,4,P5_persist,0.01171875
Perm(random-1),12,4,P6,179.17854617474586
Perm(random-1),12,4,P7(1),255.99999999999994
Perm(random-1),12,4,P7(2),256.0
Perm(random-1),12,4,P7_method,enumerate
Perm(random-1),12,4,P7_se,0.0
Perm(random-1),12,4,P8,0.40507192460317487
Perm(random-1),12,4,P8_min,0.1825396825396826
Perm(random-1),12,8,P1(a=0),32.0
Perm(random-1),12,8,P1(a=1),32.0
Perm(random-1),12,8,P1(a=2),32.0
Perm(random-1),12,8,P2,32.0
Perm(random-1),12,8,P2_mean,32.0
Perm(random-1),12,8,P3,0.49999999999999956
Perm(random-1),12,8,P4,1.0
Perm(random-1),12,8,P4_method,solved
Perm(random-1),12,8,P4-int,32.0
Perm(random-1),12,8,P5_outdeg,7.34375
Perm(random-1),12,8,P5_persist,0.01953125
Perm(random-1),12,8,P6,96.00088450755237
Perm(random-1),12,8,P7(1),255.99999999999994
Perm(random-1),12,8,P7(2),256.0
Perm(random-1),12,8,P7_method,enumerate
Perm(random-1),12,8,P7_se,0.0
Perm(random-1),12,8,P8,0.1944304435483872
Perm(random-1),12,8,P8_min,0.044354838709677435
Perm(random-1),12,16,P1(a=0),16.0
Perm(random-1),12,16,P1(a=1),15.999999999999996
Perm(random-1),12,16,P1(a=2),16.0
Perm(random-1),12,16,P2,16.0
Perm(random-1),12,16,P2_mean,16.0
Perm(random-1),12,16,P3,0.49999999999999956
Perm(random-1),12,16,P4,1.0
Perm(random-1),12,16,P4_method,solved
Perm(random-1),12,16,P4-int,16.0
Perm(random-1),12,16,P5_outdeg,9.875
Perm(random-1),12,16,P5_persist,0.06640625
Perm(random-1),12,16,P6,37.853240258699316
Perm(random-1),12,16,P7(1),253.24237137765766
Perm(random-1),12,16,P7(2),252.06153846153848
Perm(random-1),12,16,P7_method,enumerate
Perm(random-1),12,16,P7_se,0.0
Perm(random-1),12,16,P8,0.061718750000000024
Perm(random-1),12,16,P8_min,0.008333333333333337
Perm(random-2),13,1,P1(a=0),256.0
Perm(random-2),13,1,P1(a=1),255.99999999999994
Perm(random-2),13,1,P1(a=2),256.0
Perm(random-2),13,1,P2,256.0
Perm(random-2),13,1,P2_mean,256.0
Perm(random-2),13,1,P3,0.49999999999999956
Perm(random-2),13,1,P4,nan
Perm(random-2),13,1,P4_method,not-solved
Perm(random-2),13,1,P4-int,256.0
Perm(random-2),13,1,P5_outdeg,1.0
Perm(random-2),13,1,P5_persist,0.00390625
Perm(random-2),13,1,P6,354.891356446692
Perm(random-2),13,1,P7(1),255.99999999999994
Perm(random-2),13,1,P7(2),256.0
Perm(random-2),13,1,P7_method,enumerate
Perm(random-2),13,1,P7_se,0.0
Perm(random-2),13,1,P8,0.8047181372549024
Perm(random-2),13,1,P8_min,0.7490196078431376
Perm(random-2),13,2,P1(a=0),128.0
Perm(random-2),13,2,P1(a=1),127.99999999999997
Perm(random-2),13,2,P1(a=2),128.0
Perm(random-2),13,2,P2,128.0
Perm(random-2),13,2,P2_mean,128.0
Perm(random-2),13,2,P3,0.49999999999999956
Perm(random-2),13,2,P4,nan
Perm(random-2),13,2,P4_method,not-solved
Perm(random-2),13,2,P4-int,128.0
Perm(random-2),13,2,P5_outdeg,2.0
Perm(random-2),13,2,P5_persist,0.015625
Perm(random-2),13,2,P6,266.168517335019
Perm(random-2),13,2,P7(1),254.61745241181015
Perm(random-2),13,2,P7(2),254.015503875969
Perm(random-2),13,2,P7_method,enumerate
Perm(random-2),13,2,P7_se,0.0
Perm(random-2),13,2,P8,0.6640625000000003
Perm(random-2),13,2,P8_min,0.5000000000000002
Perm(random-2),13,4,P1(a=0),64.0
Perm(random-2),13,4,P1(a=1),63.999999999999986
Perm(random-2),13,4,P1(a=2),64.0
Perm(random-2),13,4,P2,64.0
Perm(random-2),13,4,P2_mean,64.0
Perm(random-2),13,4,P3,0.49999999999999956
Perm(random-2),13,4,P4,1.0
Perm(random-2),13,4,P4_method,solved
Perm(random-2),13,4,P4-int,64.0
Perm(random-2),13,4,P5_outdeg,3.953125
Perm(random-2),13,4,P5_persist,0.0234375
Perm(random-2),13,4,P6,178.4853989941859
Perm(random-2),13,4,P7(1),254.61745241181015
Perm(random-2),13,4,P7(2),254.015503875969
Perm(random-2),13,4,P7_method,enumerate
Perm(random-2),13,4,P7_se,0.0
Perm(random-2),13,4,P8,0.4601314484126987
Perm(random-2),13,4,P8_min,0.23015873015873028
Perm(random-2),13,8,P1(a=0),32.0
Perm(random-2),13,8,P1(a=1),32.0
Perm(random-2),13,8,P1(a=2),32.0
Perm(random-2),13,8,P2,32.0
Perm(random-2),13,8,P2_mean,32.0
Perm(random-2),13,8,P3,0.49999999999999956
Perm(random-2),13,8,P4,1.0
Perm(random-2),13,8,P4_method,solved
Perm(random-2),13,8,P4-int,32.0
Perm(random-2),13,8,P5_outdeg,7.15625
Perm(random-2),13,8,P5_persist,0.03515625
Perm(random-2),13,8,P6,98.34195012111451
Perm(random-2),13,8,P7(1),254.61745241181015
Perm(random-2),13,8,P7(2),254.015503875969
Perm(random-2),13,8,P7_method,enumerate
Perm(random-2),13,8,P7_se,0.0
Perm(random-2),13,8,P8,0.23172883064516142
Perm(random-2),13,8,P8_min,0.036290322580645185
Perm(random-2),13,16,P1(a=0),16.0
Perm(random-2),13,16,P1(a=1),15.999999999999996
Perm(random-2),13,16,P1(a=2),16.0
Perm(random-2),13,16,P2,16.0
Perm(random-2),13,16,P2_mean,16.0
Perm(random-2),13,16,P3,0.49999999999999956
Perm(random-2),13,16,P4,1.0
Perm(random-2),13,16,P4_method,solved
Perm(random-2),13,16,P4-int,16.0
Perm(random-2),13,16,P5_outdeg,10.4375
Perm(random-2),13,16,P5_persist,0.078125
Perm(random-2),13,16,P6,34.81902746457723
Perm(random-2),13,16,P7(1),249.16152545014168
Perm(random-2),13,16,P7(2),246.37593984962405
Perm(random-2),13,16,P7_method,enumerate
Perm(random-2),13,16,P7_se,0.0
Perm(random-2),13,16,P8,0.0752604166666667
Perm(random-2),13,16,P8_min,0.012500000000000006
Mix(0.02),14,1,P1(a=0),256.0
Mix(0.02),14,1,P1(a=1),256.00000000004997
Mix(0.02),14,1,P1(a=2),255.999999999978
Mix(0.02),14,1,P2,256.0
Mix(0.02),14,1,P2_mean,256.0
Mix(0.02),14,1,P3,0.4999999999999933
Mix(0.02),14,1,P4,nan
Mix(0.02),14,1,P4_method,not-solved
Mix(0.02),14,1,P4-int,256.0
Mix(0.02),14,1,P5_outdeg,1.0
Mix(0.02),14,1,P5_persist,0.980078125
Mix(0.02),14,1,P6,341.57121125586303
Mix(0.02),14,1,P7(1),1264050.0570557632
Mix(0.02),14,1,P7(2),3341.9001269663036
Mix(0.02),14,1,P7_method,closed
Mix(0.02),14,1,P7_se,0.0
Mix(0.02),14,1,P8,0.9999999999999769
Mix(0.02),14,1,P8_min,0.9999999999999768
Mix(0.02),14,2,P1(a=0),128.0
Mix(0.02),14,2,P1(a=1),128.00000000002117
Mix(0.02),14,2,P1(a=2),127.99999999998897
Mix(0.02),14,2,P2,128.0
Mix(0.02),14,2,P2_mean,128.0
Mix(0.02),14,2,P3,0.4999999999999933
Mix(0.02),14,2,P4,nan
Mix(0.02),14,2,P4_method,not-solved
Mix(0.02),14,2,P4-int,128.0
Mix(0.02),14,2,P5_outdeg,1.0
Mix(0.02),14,2,P5_persist,0.9801562500000004
Mix(0.02),14,2,P6,298.142274205907
Mix(0.02),14,2,P7(1),253076.4200381851
Mix(0.02),14,2,P7(2),1643.1913894239822
Mix(0.02),14,2,P7_method,closed
Mix(0.02),14,2,P7_se,0.0
Mix(0.02),14,2,P8,0.9999999999999756
Mix(0.02),14,2,P8_min,0.9999999999999758
Mix(0.02),14,4,P1(a=0),64.0
Mix(0.02),14,4,P1(a=1),64.00000000000867
Mix(0.02),14,4,P1(a=2),63.9999999999945
Mix(0.02),14,4,P2,64.0
Mix(0.02),14,4,P2_mean,64.0
Mix(0.02),14,4,P3,0.4999999999999933
Mix(0.02),14,4,P4,0.9999999999999952
Mix(0.02),14,4,P4_method,solved
Mix(0.02),14,4,P4-int,64.0
Mix(0.02),14,4,P5_outdeg,1.0
Mix(0.02),14,4,P5_persist,0.9803124999999997
Mix(0.02),14,4,P6,254.7516609944821
Mix(0.02),14,4,P7(1),49613.4269807758
Mix(0.02),14,4,P7(2),794.7063077696837
Mix(0.02),14,4,P7_method,closed
Mix(0.02),14,4,P7_se,0.0
Mix(0.02),14,4,P8,0.9999999999999825
Mix(0.02),14,4,P8_min,0.9999999999999825
Mix(0.02),14,8,P1(a=0),32.0
Mix(0.02),14,8,P1(a=1),32.0000000000034
Mix(0.02),14,8,P1(a=2),31.99999999999725
Mix(0.02),14,8,P2,32.0
Mix(0.02),14,8,P2_mean,32.0
Mix(0.02),14,8,P3,0.4999999999999933
Mix(0.02),14,8,P4,1.0
Mix(0.02),14,8,P4_method,solved
Mix(0.02),14,8,P4-int,32.0
Mix(0.02),14,8,P5_outdeg,1.0
Mix(0.02),14,8,P5_persist,0.9806250000000002
Mix(0.02),14,8,P6,211.43076757412365
Mix(0.02),14,8,P7(1),9391.168964822818
Mix(0.02),14,8,P7(2),372.101494689694
Mix(0.02),14,8,P7_method,closed
Mix(0.02),14,8,P7_se,0.0
Mix(0.02),14,8,P8,0.999999999999986
Mix(0.02),14,8,P8_min,0.999999999999986
Mix(0.02),14,16,P1(a=0),16.0
Mix(0.02),14,16,P1(a=1),16.00000000000122
Mix(0.02),14,16,P1(a=2),15.999999999998625
Mix(0.02),14,16,P2,16.0
Mix(0.02),14,16,P2_mean,16.0
Mix(0.02),14,16,P3,0.4999999999999933
Mix(0.02),14,16,P4,1.0
Mix(0.02),14,16,P4_method,solved
Mix(0.02),14,16,P4-int,16.0
Mix(0.02),14,16,P5_outdeg,1.0
Mix(0.02),14,16,P5_persist,0.9812500000000003
Mix(0.02),14,16,P6,168.23546512933387
Mix(0.02),14,16,P7(1),1681.0367973404213
Mix(0.02),14,16,P7(2),163.71429468086305
Mix(0.02),14,16,P7_method,closed
Mix(0.02),14,16,P7_se,0.0
Mix(0.02),14,16,P8,1.0000000000000007
Mix(0.02),14,16,P8_min,1.0000000000000002
Mix(0.05),15,1,P1(a=0),256.0
Mix(0.05),15,1,P1(a=1),255.99999999996652
Mix(0.05),15,1,P1(a=2),256.0000000000147
Mix(0.05),15,1,P2,256.0
Mix(0.05),15,1,P2_mean,256.0
Mix(0.05),15,1,P3,0.49999999999999595
Mix(0.05),15,1,P4,nan
Mix(0.05),15,1,P4_method,not-solved
Mix(0.05),15,1,P4-int,256.0
Mix(0.05),15,1,P5_outdeg,1.0
Mix(0.05),15,1,P5_persist,0.9501953124999998
Mix(0.05),15,1,P6,324.5604345403814
Mix(0.05),15,1,P7(1),83788135607.28592
Mix(0.05),15,1,P7(2),169527.1172902346
Mix(0.05),15,1,P7_method,closed
Mix(0.05),15,1,P7_se,0.0
Mix(0.05),15,1,P8,0.9999999999999756
Mix(0.05),15,1,P8_min,0.9999999999999756
Mix(0.05),15,2,P1(a=0),128.0
Mix(0.05),15,2,P1(a=1),127.99999999998587
Mix(0.05),15,2,P1(a=2),128.00000000000733
Mix(0.05),15,2,P2,128.0
Mix(0.05),15,2,P2_mean,128.0
Mix(0.05),15,2,P3,0.49999999999999595
Mix(0.05),15,2,P4,nan
Mix(0.05),15,2,P4_method,not-solved
Mix(0.05),15,2,P4-int,128.0
Mix(0.05),15,2,P5_outdeg,1.0
Mix(0.05),15,2,P5_persist,0.9503906250000004
Mix(0.05),15,2,P6,282.5183813423519
Mix(0.05),15,2,P7(1),4265796810.8657427
Mix(0.05),15,2,P7(2),79141.15625277346
Mix(0.05),15,2,P7_method,closed
Mix(0.05),15,2,P7_se,0.0
Mix(0.05),15,2,P8,0.9999999999999786
Mix(0.05),15,2,P8_min,0.9999999999999785
Mix(0.05),15,4,P1(a=0),64.0
Mix(0.05),15,4,P1(a=1),63.99999999999421
Mix(0.05),15,4,P1(a=2),64.00000000000367
Mix(0.05),15,4,P2,64.0
Mix(0.05),15,4,P2_mean,64.0
Mix(0.05),15,4,P3,0.49999999999999595
Mix(0.05),15,4,P4,0.9999999999999984
Mix(0.05),15,4,P4_method,solved
Mix(0.05),15,4,P4-int,64.0
Mix(0.05),15,4,P5_outdeg,1.0
Mix(0.05),15,4,P5_persist,0.9507812500000005
Mix(0.05),15,4,P6,240.56030255083516
Mix(0.05),15,4,P7(1),206794600.52074653
Mix(0.05),15,4,P7(2),34621.71379165565
Mix(0.05),15,4,P7_method,closed
Mix(0.05),15,4,P7_se,0.0
Mix(0.05),15,4,P8,0.9999999999999954
Mix(0.05),15,4,P8_min,0.9999999999999952
Mix(0.05),15,8,P1(a=0),32.0
Mix(0.05),15,8,P1(a=1),31.999999999997733
Mix(0.05),15,8,P1(a=2),32.00000000000183
Mix(0.05),15,8,P2,32.0
Mix(0.05),15,8,P2_mean,32.0
Mix(0.05),15,8,P3,0.49999999999999595
Mix(0.05),15,8,P4,0.9999999999999962
Mix(0.05),15,8,P4_method,solved
Mix(0.05),15,8,P4-int,32.0
Mix(0.05),15,8,P5_outdeg,1.0
Mix(0.05),15,8,P5_persist,0.9515624999999998
Mix(0.05),15,8,P6,198.7528669960774
Mix(0.05),15,8,P7(1),9251331.283370256
Mix(0.05),15,8,P7(2),13424.098222754055
Mix(0.05),15,8,P7_method,closed
Mix(0.05),15,8,P7_se,0.0
Mix(0.05),15,8,P8,0.9999999999999896
Mix(0.05),15,8,P8_min,0.9999999999999893
Mix(0.05),15,16,P1(a=0),16.0
Mix(0.05),15,16,P1(a=1),15.999999999999181
Mix(0.05),15,16,P1(a=2),16.00000000000092
Mix(0.05),15,16,P2,16.0
Mix(0.05),15,16,P2_mean,16.0
Mix(0.05),15,16,P3,0.49999999999999595
Mix(0.05),15,16,P4,0.9999999999999962
Mix(0.05),15,16,P4_method,solved
Mix(0.05),15,16,P4-int,16.0
Mix(0.05),15,16,P5_outdeg,16.0
Mix(0.05),15,16,P5_persist,0.9531249999999997
Mix(0.05),15,16,P6,157.21215286559672
Mix(0.05),15,16,P7(1),365437.2242293261
Mix(0.05),15,16,P7(2),4207.829703949712
Mix(0.05),15,16,P7_method,closed
Mix(0.05),15,16,P7_se,0.0
Mix(0.05),15,16,P8,0.9999999999999822
Mix(0.05),15,16,P8_min,0.9999999999999821
Mix(0.1),16,1,P1(a=0),256.0
Mix(0.1),16,1,P1(a=1),256.00000000001
Mix(0.1),16,1,P1(a=2),255.9999999999955
Mix(0.1),16,1,P2,256.0
Mix(0.1),16,1,P2_mean,256.0
Mix(0.1),16,1,P3,0.5
Mix(0.1),16,1,P4,nan
Mix(0.1),16,1,P4_method,not-solved
Mix(0.1),16,1,P4-int,256.0
Mix(0.1),16,1,P5_outdeg,1.0
Mix(0.1),16,1,P5_persist,0.9003906250000001
Mix(0.1),16,1,P6,298.81547598007745
Mix(0.1),16,1,P7(1),5.509341478350263e+18
Mix(0.1),16,1,P7(2),144436533.2284086
Mix(0.1),16,1,P7_method,closed
Mix(0.1),16,1,P7_se,0.0
Mix(0.1),16,1,P8,0.9999999999999906
Mix(0.1),16,1,P8_min,0.9999999999999902
Mix(0.1),16,2,P1(a=0),128.0
Mix(0.1),16,2,P1(a=1),128.0000000000043
Mix(0.1),16,2,P1(a=2),127.99999999999773
Mix(0.1),16,2,P2,128.0
Mix(0.1),16,2,P2_mean,128.0
Mix(0.1),16,2,P3,0.5
Mix(0.1),16,2,P4,nan
Mix(0.1),16,2,P4_method,not-solved
Mix(0.1),16,2,P4-int,128.0
Mix(0.1),16,2,P5_outdeg,1.0
Mix(0.1),16,2,P5_persist,0.9007812500000001
Mix(0.1),16,2,P6,259.07411734189134
Mix(0.1),16,2,P7(1),2.8624860823194024e+16
Mix(0.1),16,2,P7(2),57626020.814410254
Mix(0.1),16,2,P7_method,closed
Mix(0.1),16,2,P7_se,0.0
Mix(0.1),16,2,P8,1.0000000000000246
Mix(0.1),16,2,P8_min,1.000000000000024
Mix(0.1),16,4,P1(a=0),64.0
Mix(0.1),16,4,P1(a=1),64.00000000000173
Mix(0.1),16,4,P1(a=2),63.99999999999888
Mix(0.1),16,4,P2,64.0
Mix(0.1),16,4,P2_mean,64.0
Mix(0.1),16,4,P3,0.5
Mix(0.1),16,4,P4,0.9999999999999958
Mix(0.1),16,4,P4_method,solved
Mix(0.1),16,4,P4-int,64.0
Mix(0.1),16,4,P5_outdeg,1.0
Mix(0.1),16,4,P5_persist,0.9015624999999997
Mix(0.1),16,4,P6,219.48205282589856
Mix(0.1),16,4,P7(1),135151734173688.6
Mix(0.1),16,4,P7(2),19076592.92915555
Mix(0.1),16,4,P7_method,closed
Mix(0.1),16,4,P7_se,0.0
Mix(0.1),16,4,P8,1.000000000000018
Mix(0.1),16,4,P8_min,1.0000000000000175
Mix(0.1),16,8,P1(a=0),32.0
Mix(0.1),16,8,P1(a=1),32.00000000000068
Mix(0.1),16,8,P1(a=2),31.999999999999446
Mix(0.1),16,8,P2,32.0
Mix(0.1),16,8,P2_mean,32.0
Mix(0.1),16,8,P3,0.5
Mix(0.1),16,8,P4,0.9999999999999958
Mix(0.1),16,8,P4_method,solved
Mix(0.1),16,8,P4-int,32.0
Mix(0.1),16,8,P5_outdeg,1.0
Mix(0.1),16,8,P5_persist,0.9031249999999995
Mix(0.1),16,8,P6,180.1540166212797
Mix(0.1),16,8,P7(1),545979744575.8817
Mix(0.1),16,8,P7(2),4649442.196836286
Mix(0.1),16,8,P7_method,closed
Mix(0.1),16,8,P7_se,0.0
Mix(0.1),16,8,P8,1.000000000000013
Mix(0.1),16,8,P8_min,1.000000000000013
Mix(0.1),16,16,P1(a=0),16.0
Mix(0.1),16,16,P1(a=1),16.000000000000245
Mix(0.1),16,16,P1(a=2),15.99999999999972
Mix(0.1),16,16,P2,16.0
Mix(0.1),16,16,P2_mean,16.0
Mix(0.1),16,16,P3,0.5
Mix(0.1),16,16,P4,0.9999999999999996
Mix(0.1),16,16,P4_method,solved
Mix(0.1),16,16,P4-int,16.0
Mix(0.1),16,16,P5_outdeg,16.0
Mix(0.1),16,16,P5_persist,0.9062500000000001
Mix(0.1),16,16,P6,141.28511110877437
Mix(0.1),16,16,P7(1),1736362217.5114787
Mix(0.1),16,16,P7(2),704502.5769540981
Mix(0.1),16,16,P7_method,closed
Mix(0.1),16,16,P7_se,0.0
Mix(0.1),16,16,P8,0.9999999999999989
Mix(0.1),16,16,P8_min,0.9999999999999989
Mix(0.2),17,1,P1(a=0),256.0
Mix(0.2),17,1,P1(a=1),256.0000000000132
Mix(0.2),17,1,P1(a=2),255.99999999999423
Mix(0.2),17,1,P2,256.0
Mix(0.2),17,1,P2_mean,256.0
Mix(0.2),17,1,P3,0.500000000000002
Mix(0.2),17,1,P4,nan
Mix(0.2),17,1,P4_method,not-solved
Mix(0.2),17,1,P4-int,256.0
Mix(0.2),17,1,P5_outdeg,1.0
Mix(0.2),17,1,P5_persist,0.8007812500000002
Mix(0.2),17,1,P6,252.28392804730692
Mix(0.2),17,1,P7(1),1.625602047745413e+34
Mix(0.2),17,1,P7(2),253736318972529.78
Mix(0.2),17,1,P7_method,closed
Mix(0.2),17,1,P7_se,0.0
Mix(0.2),17,1,P8,1.0000000000000264
Mix(0.2),17,1,P8_min,1.0000000000000262
Mix(0.2),17,2,P1(a=0),128.0
Mix(0.2),17,2,P1(a=1),128.00000000000566
Mix(0.2),17,2,P1(a=2),127.99999999999709
Mix(0.2),17,2,P2,128.0
Mix(0.2),17,2,P2_mean,128.0
Mix(0.2),17,2,P3,0.500000000000002
Mix(0.2),17,2,P4,nan
Mix(0.2),17,2,P4_method,not-solved
Mix(0.2),17,2,P4-int,128.0
Mix(0.2),17,2,P5_outdeg,1.0
Mix(0.2),17,2,P5_persist,0.8015624999999995
Mix(0.2),17,2,P6,217.12212446147834
Mix(0.2),17,2,P7(1),8.79531516111768e+29
Mix(0.2),17,2,P7(2),61100282811724.33
Mix(0.2),17,2,P7_method,closed
Mix(0.2),17,2,P7_se,0.0
Mix(0.2),17,2,P8,1.0000000000000162
Mix(0.2),17,2,P8_min,1.0000000000000164
Mix(0.2),17,4,P1(a=0),64.0
Mix(0.2),17,4,P1(a=1),64.00000000000227
Mix(0.2),17,4,P1(a=2),63.99999999999856
Mix(0.2),17,4,P2,64.0
Mix(0.2),17,4,P2_mean,64.0
Mix(0.2),17,4,P3,0.500000000000002
Mix(0.2),17,4,P4,0.999999999999995
Mix(0.2),17,4,P4_method,solved
Mix(0.2),17,4,P4-int,64.0
Mix(0.2),17,4,P5_outdeg,1.0
Mix(0.2),17,4,P5_persist,0.8031249999999995
Mix(0.2),17,4,P6,182.21848436783216
Mix(0.2),17,4,P7(1),3.938115482881633e+25
Mix(0.2),17,4,P7(2),9395719776112.105
Mix(0.2),17,4,P7_method,closed
Mix(0.2),17,4,P7_se,0.0
Mix(0.2),17,4,P8,1.0000000000000093
Mix(0.2),17,4,P8_min,1.0000000000000087
Mix(0.2),17,8,P1(a=0),32.0
Mix(0.2),17,8,P1(a=1),32.000000000000895
Mix(0.2),17,8,P1(a=2),31.99999999999928
Mix(0.2),17,8,P2,32.0
Mix(0.2),17,8,P2_mean,32.0
Mix(0.2),17,8,P3,0.500000000000002
Mix(0.2),17,8,P4,0.9999999999999997
Mix(0.2),17,8,P4_method,solved
Mix(0.2),17,8,P4-int,32.0
Mix(0.2),17,8,P5_outdeg,32.0
Mix(0.2),17,8,P5_persist,0.8062500000000001
Mix(0.2),17,8,P6,147.76229366927993
Mix(0.2),17,8,P7(1),1.2965053177545687e+21
Mix(0.2),17,8,P7(2),742587658527.8838
Mix(0.2),17,8,P7_method,closed
Mix(0.2),17,8,P7_se,0.0
Mix(0.2),17,8,P8,1.0000000000000155
Mix(0.2),17,8,P8_min,1.0000000000000155
Mix(0.2),17,16,P1(a=0),16.0
Mix(0.2),17,16,P1(a=1),16.000000000000323
Mix(0.2),17,16,P1(a=2),15.99999999999964
Mix(0.2),17,16,P2,16.0
Mix(0.2),17,16,P2_mean,16.0
Mix(0.2),17,16,P3,0.500000000000002
Mix(0.2),17,16,P4,0.9999999999999993
Mix(0.2),17,16,P4_method,solved
Mix(0.2),17,16,P4-int,16.0
Mix(0.2),17,16,P5_outdeg,16.0
Mix(0.2),17,16,P5_persist,0.8125000000000002
Mix(0.2),17,16,P6,114.06411163879051
Mix(0.2),17,16,P7(1),2.66938682854724e+16
Mix(0.2),17,16,P7(2),21805754241.789127
Mix(0.2),17,16,P7_method,closed
Mix(0.2),17,16,P7_se,0.0
Mix(0.2),17,16,P8,1.0000000000000115
Mix(0.2),17,16,P8_min,1.0000000000000113
Mix(0.5),18,1,P1(a=0),256.0
Mix(0.5),18,1,P1(a=1),255.99999999999994
Mix(0.5),18,1,P1(a=2),256.0
Mix(0.5),18,1,P2,256.0
Mix(0.5),18,1,P2_mean,256.0
Mix(0.5),18,1,P3,0.4999999999999972
Mix(0.5),18,1,P4,nan
Mix(0.5),18,1,P4_method,not-solved
Mix(0.5),18,1,P4-int,256.0
Mix(0.5),18,1,P5_outdeg,1.0
Mix(0.5),18,1,P5_persist,0.501953125
Mix(0.5),18,1,P6,133.9026496714224
Mix(0.5),18,1,P7(1),2.1626832045086185e+80
Mix(0.5),18,1,P7(2),1.548573588183202e+38
Mix(0.5),18,1,P7_method,closed
Mix(0.5),18,1,P7_se,0.0
Mix(0.5),18,1,P8,0.9999999999999895
Mix(0.5),18,1,P8_min,0.9999999999999897
Mix(0.5),18,2,P1(a=0),128.0
Mix(0.5),18,2,P1(a=1),127.99999999999997
Mix(0.5),18,2,P1(a=2),128.0
Mix(0.5),18,2,P2,128.0
Mix(0.5),18,2,P2_mean,128.0
Mix(0.5),18,2,P3,0.4999999999999972
Mix(0.5),18,2,P4,nan
Mix(0.5),18,2,P4_method,not-solved
Mix(0.5),18,2,P4-int,128.0
Mix(0.5),18,2,P5_outdeg,1.0
Mix(0.5),18,2,P5_persist,0.50390625
Mix(0.5),18,2,P6,112.36753048482745
Mix(0.5),18,2,P7(1),1.3220648334850782e+70
Mix(0.5),18,2,P7(2),2.717931809248127e+36
Mix(0.5),18,2,P7_method,closed
Mix(0.5),18,2,P7_se,0.0
Mix(0.5),18,2,P8,1.0000000000000016
Mix(0.5),18,2,P8_min,1.000000000000001
Mix(0.5),18,4,P1(a=0),64.0
Mix(0.5),18,4,P1(a=1),63.999999999999986
Mix(0.5),18,4,P1(a=2),64.0
Mix(0.5),18,4,P2,64.0
Mix(0.5),18,4,P2_mean,64.0
Mix(0.5),18,4,P3,0.4999999999999972
Mix(0.5),18,4,P4,1.0
Mix(0.5),18,4,P4_method,solved
Mix(0.5),18,4,P4-int,64.0
Mix(0.5),18,4,P5_outdeg,64.0
Mix(0.5),18,4,P5_persist,0.5078125
Mix(0.5),18,4,P6,91.30616671577161
Mix(0.5),18,4,P7(1),5.054075555633469e+59
Mix(0.5),18,4,P7(2),1.0366862505390258e+34
Mix(0.5),18,4,P7_method,closed
Mix(0.5),18,4,P7_se,0.0
Mix(0.5),18,4,P8,0.9999999999999967
Mix(0.5),18,4,P8_min,0.9999999999999969
Mix(0.5),18,8,P1(a=0),32.0
Mix(0.5),18,8,P1(a=1),32.0
Mix(0.5),18,8,P1(a=2),32.0
Mix(0.5),18,8,P2,32.0
Mix(0.5),18,8,P2_mean,32.0
Mix(0.5),18,8,P3,0.4999999999999972
Mix(0.5),18,8,P4,1.0
Mix(0.5),18,8,P4_method,solved
Mix(0.5),18,8,P4-int,32.0
Mix(0.5),18,8,P5_outdeg,32.0
Mix(0.5),18,8,P5_persist,0.515625
Mix(0.5),18,8,P6,71.0233299725574
Mix(0.5),18,8,P7(1),9.024768724554897e+48
Mix(0.5),18,8,P7(2),4.54036396842007e+30
Mix(0.5),18,8,P7_method,closed
Mix(0.5),18,8,P7_se,0.0
Mix(0.5),18,8,P8,0.9999999999999934
Mix(0.5),18,8,P8_min,0.9999999999999934
Mix(0.5),18,16,P1(a=0),16.0
Mix(0.5),18,16,P1(a=1),15.999999999999996
Mix(0.5),18,16,P1(a=2),16.0
Mix(0.5),18,16,P2,16.0
Mix(0.5),18,16,P2_mean,16.0
Mix(0.5),18,16,P3,0.4999999999999972
Mix(0.5),18,16,P4,1.0
Mix(0.5),18,16,P4_method,solved
Mix(0.5),18,16,P4-int,16.0
Mix(0.5),18,16,P5_outdeg,16.0
Mix(0.5),18,16,P5_persist,0.53125
Mix(0.5),18,16,P6,51.96783414207488
Mix(0.5),18,16,P7(1),5.061587349420169e+37
Mix(0.5),18,16,P7(2),9.967194911275135e+25
Mix(0.5),18,16,P7_method,closed
Mix(0.5),18,16,P7_se,0.0
Mix(0.5),18,16,P8,1.0000000000000007
Mix(0.5),18,16,P8_min,1.0000000000000007
"Block(4,0.02)",19,1,P1(a=0),256.0
"Block(4,0.02)",19,1,P1(a=1),255.99999999996436
"Block(4,0.02)",19,1,P1(a=2),256.0000000000157
"Block(4,0.02)",19,1,P2,256.0
"Block(4,0.02)",19,1,P2_mean,256.0
"Block(4,0.02)",19,1,P3,0.4999999999999967
"Block(4,0.02)",19,1,P4,nan
"Block(4,0.02)",19,1,P4_method,not-solved
"Block(4,0.02)",19,1,P4-int,0.0
"Block(4,0.02)",19,1,P5_outdeg,0.0
"Block(4,0.02)",19,1,P5_persist,0.015312499999999998
"Block(4,0.02)",19,1,P6,81.04211213227518
"Block(4,0.02)",19,1,P7(1),4.995060096774512e+119
"Block(4,0.02)",19,1,P7(2),8.20799407092782e+113
"Block(4,0.02)",19,1,P7_method,closed
"Block(4,0.02)",19,1,P7_se,0.0
"Block(4,0.02)",19,1,P8,0.9999999999999991
"Block(4,0.02)",19,1,P8_min,0.9999999999999987
"Block(4,0.02)",19,2,P1(a=0),128.0
"Block(4,0.02)",19,2,P1(a=1),127.9999999999849
"Block(4,0.02)",19,2,P1(a=2),128.00000000000784
"Block(4,0.02)",19,2,P2,128.0
"Block(4,0.02)",19,2,P2_mean,128.0
"Block(4,0.02)",19,2,P3,0.4999999999999967
"Block(4,0.02)",19,2,P4,nan
"Block(4,0.02)",19,2,P4_method,not-solved
"Block(4,0.02)",19,2,P4-int,128.0
"Block(4,0.02)",19,2,P5_outdeg,32.0
"Block(4,0.02)",19,2,P5_persist,0.030625000000000003
"Block(4,0.02)",19,2,P6,81.04211213227552
"Block(4,0.02)",19,2,P7(1),4.987741203355051e+98
"Block(4,0.02)",19,2,P7(2),1.836425117609248e+92
"Block(4,0.02)",19,2,P7_method,closed
"Block(4,0.02)",19,2,P7_se,0.0
"Block(4,0.02)",19,2,P8,0.9999999999999846
"Block(4,0.02)",19,2,P8_min,0.9999999999999828
"Block(4,0.02)",19,4,P1(a=0),64.0
"Block(4,0.02)",19,4,P1(a=1),63.99999999999382
"Block(4,0.02)",19,4,P1(a=2),64.00000000000392
"Block(4,0.02)",19,4,P2,64.0
"Block(4,0.02)",19,4,P2_mean,64.0
"Block(4,0.02)",19,4,P3,0.4999999999999967
"Block(4,0.02)",19,4,P4,0.9999999999999993
"Block(4,0.02)",19,4,P4_method,solved
"Block(4,0.02)",19,4,P4-int,64.0
"Block(4,0.02)",19,4,P5_outdeg,16.0
"Block(4,0.02)",19,4,P5_persist,0.06125000000000001
"Block(4,0.02)",19,4,P6,81.04211213227484
"Block(4,0.02)",19,4,P7(1),4.9155012860555233e+76
"Block(4,0.02)",19,4,P7(2),1.1869181093793828e+70
"Block(4,0.02)",19,4,P7_method,closed
"Block(4,0.02)",19,4,P7_se,0.0
"Block(4,0.02)",19,4,P8,0.9999999999999748
"Block(4,0.02)",19,4,P8_min,0.9999999999999727
"Block(4,0.02)",19,8,P1(a=0),32.0
"Block(4,0.02)",19,8,P1(a=1),31.999999999997588
"Block(4,0.02)",19,8,P1(a=2),32.00000000000196
"Block(4,0.02)",19,8,P2,32.0
"Block(4,0.02)",19,8,P2_mean,32.0
"Block(4,0.02)",19,8,P3,0.4999999999999967
"Block(4,0.02)",19,8,P4,1.0
"Block(4,0.02)",19,8,P4_method,solved
"Block(4,0.02)",19,8,P4-int,32.0
"Block(4,0.02)",19,8,P5_outdeg,8.0
"Block(4,0.02)",19,8,P5_persist,0.12249999999999997
"Block(4,0.02)",19,8,P6,81.04211213227507
"Block(4,0.02)",19,8,P7(1),2.1582059839423096e+53
"Block(4,0.02)",19,8,P7(2),2.596405921286327e+47
"Block(4,0.02)",19,8,P7_method,closed
"Block(4,0.02)",19,8,P7_se,0.0
"Block(4,0.02)",19,8,P8,0.9999999999999931
"Block(4,0.02)",19,8,P8_min,0.999999999999991
"Block(4,0.02)",19,16,P1(a=0),16.0
"Block(4,0.02)",19,16,P1(a=1),15.99999999999913
"Block(4,0.02)",19,16,P1(a=2),16.00000000000098
"Block(4,0.02)",19,16,P2,16.0
"Block(4,0.02)",19,16,P2_mean,16.0
"Block(4,0.02)",19,16,P3,0.4999999999999967
"Block(4,0.02)",19,16,P4,0.9999999999999902
"Block(4,0.02)",19,16,P4_method,solved
"Block(4,0.02)",19,16,P4-int,16.0
"Block(4,0.02)",19,16,P5_outdeg,16.0
"Block(4,0.02)",19,16,P5_persist,0.24499999999999997
"Block(4,0.02)",19,16,P6,81.04211213227495
"Block(4,0.02)",19,16,P7(1),5.60041578884065e+28
"Block(4,0.02)",19,16,P7(2),4.5002192010897357e+24
"Block(4,0.02)",19,16,P7_method,closed
"Block(4,0.02)",19,16,P7_se,0.0
"Block(4,0.02)",19,16,P8,0.9999999999999685
"Block(4,0.02)",19,16,P8_min,0.9999999999999662
"Block(4,0.1)",20,1,P1(a=0),256.0
"Block(4,0.1)",20,1,P1(a=1),256.00000000000017
"Block(4,0.1)",20,1,P1(a=2),255.99999999999994
"Block(4,0.1)",20,1,P2,256.0
"Block(4,0.1)",20,1,P2_mean,256.0
"Block(4,0.1)",20,1,P3,0.5000000000000008
"Block(4,0.1)",20,1,P4,nan
"Block(4,0.1)",20,1,P4_method,not-solved
"Block(4,0.1)",20,1,P4-int,0.0
"Block(4,0.1)",20,1,P5_outdeg,0.0
"Block(4,0.1)",20,1,P5_persist,0.014062500000000004
"Block(4,0.1)",20,1,P6,60.886410167143254
"Block(4,0.1)",20,1,P7(1),3.778510218545691e+128
"Block(4,0.1)",20,1,P7(2),3.5340666236100198e+118
"Block(4,0.1)",20,1,P7_method,closed
"Block(4,0.1)",20,1,P7_se,0.0
"Block(4,0.1)",20,1,P8,1.000000000000008
"Block(4,0.1)",20,1,P8_min,1.0000000000000047
"Block(4,0.1)",20,2,P1(a=0),128.0
"Block(4,0.1)",20,2,P1(a=1),127.99999999999997
"Block(4,0.1)",20,2,P1(a=2),127.99999999999997
"Block(4,0.1)",20,2,P2,128.0
"Block(4,0.1)",20,2,P2_mean,128.0
"Block(4,0.1)",20,2,P3,0.5000000000000008
"Block(4,0.1)",20,2,P4,nan
"Block(4,0.1)",20,2,P4_method,not-solved
"Block(4,0.1)",20,2,P4-int,128.0
"Block(4,0.1)",20,2,P5_outdeg,32.0
"Block(4,0.1)",20,2,P5_persist,0.02812500000000001
"Block(4,0.1)",20,2,P6,60.88641016714473
"Block(4,0.1)",20,2,P7(1),4.7191410917488834e+107
"Block(4,0.1)",20,2,P7(2),7.962208188719991e+96
"Block(4,0.1)",20,2,P7_method,closed
"Block(4,0.1)",20,2,P7_se,0.0
"Block(4,0.1)",20,2,P8,0.9999999999999812
"Block(4,0.1)",20,2,P8_min,0.9999999999999808
"Block(4,0.1)",20,4,P1(a=0),64.0
"Block(4,0.1)",20,4,P1(a=1),64.00000000000001
"Block(4,0.1)",20,4,P1(a=2),63.999999999999986
"Block(4,0.1)",20,4,P2,64.0
"Block(4,0.1)",20,4,P2_mean,64.0
"Block(4,0.1)",20,4,P3,0.5000000000000008
"Block(4,0.1)",20,4,P4,0.9999999999999916
"Block(4,0.1)",20,4,P4_method,solved
"Block(4,0.1)",20,4,P4-int,64.0
"Block(4,0.1)",20,4,P5_outdeg,16.0
"Block(4,0.1)",20,4,P5_persist,0.05625000000000002
"Block(4,0.1)",20,4,P6,60.88641016714456
"Block(4,0.1)",20,4,P7(1),6.486541726039834e+85
"Block(4,0.1)",20,4,P7(2),5.182442187005829e+74
"Block(4,0.1)",20,4,P7_method,closed
"Block(4,0.1)",20,4,P7_se,0.0
"Block(4,0.1)",20,4,P8,1.0000000000000062
"Block(4,0.1)",20,4,P8_min,1.0000000000000047
"Block(4,0.1)",20,8,P1(a=0),32.0
"Block(4,0.1)",20,8,P1(a=1),32.00000000000001
"Block(4,0.1)",20,8,P1(a=2),31.999999999999993
"Block(4,0.1)",20,8,P2,32.0
"Block(4,0.1)",20,8,P2_mean,32.0
"Block(4,0.1)",20,8,P3,0.5000000000000008
"Block(4,0.1)",20,8,P4,0.9999999999999976
"Block(4,0.1)",20,8,P4_method,solved
"Block(4,0.1)",20,8,P4-int,32.0
"Block(4,0.1)",20,8,P5_outdeg,32.0
"Block(4,0.1)",20,8,P5_persist,0.11250000000000002
"Block(4,0.1)",20,8,P6,60.88641016714445
"Block(4,0.1)",20,8,P7(1),4.281681965830485e+62
"Block(4,0.1)",20,8,P7(2),1.1391220482757713e+52
"Block(4,0.1)",20,8,P7_method,closed
"Block(4,0.1)",20,8,P7_se,0.0
"Block(4,0.1)",20,8,P8,0.9999999999999988
"Block(4,0.1)",20,8,P8_min,0.9999999999999963
"Block(4,0.1)",20,16,P1(a=0),16.0
"Block(4,0.1)",20,16,P1(a=1),16.000000000000004
"Block(4,0.1)",20,16,P1(a=2),15.999999999999996
"Block(4,0.1)",20,16,P2,16.0
"Block(4,0.1)",20,16,P2_mean,16.0
"Block(4,0.1)",20,16,P3,0.5000000000000008
"Block(4,0.1)",20,16,P4,1.0
"Block(4,0.1)",20,16,P4_method,solved
"Block(4,0.1)",20,16,P4-int,16.0
"Block(4,0.1)",20,16,P5_outdeg,16.0
"Block(4,0.1)",20,16,P5_persist,0.22500000000000006
"Block(4,0.1)",20,16,P6,60.88641016714439
"Block(4,0.1)",20,16,P7(1),1.3963368948840863e+38
"Block(4,0.1)",20,16,P7(2),1.96682240300262e+29
"Block(4,0.1)",20,16,P7_method,closed
"Block(4,0.1)",20,16,P7_se,0.0
"Block(4,0.1)",20,16,P8,0.9999999999999931
"Block(4,0.1)",20,16,P8_min,0.9999999999999911
"Block(16,0.02)",21,1,P1(a=0),256.0
"Block(16,0.02)",21,1,P1(a=1),255.99999999996442
"Block(16,0.02)",21,1,P1(a=2),256.0000000000157
"Block(16,0.02)",21,1,P2,256.0
"Block(16,0.02)",21,1,P2_mean,256.0
"Block(16,0.02)",21,1,P3,0.49999999999999734
"Block(16,0.02)",21,1,P4,nan
"Block(16,0.02)",21,1,P4_method,not-solved
"Block(16,0.02)",21,1,P4-int,256.0
"Block(16,0.02)",21,1,P5_outdeg,16.0
"Block(16,0.02)",21,1,P5_persist,0.061250000000000006
"Block(16,0.02)",21,1,P6,167.70487071603225
"Block(16,0.02)",21,1,P7(1),1.5427992211220738e+78
"Block(16,0.02)",21,1,P7(2),4.776450866767244e+70
"Block(16,0.02)",21,1,P7_method,closed
"Block(16,0.02)",21,1,P7_se,0.0
"Block(16,0.02)",21,1,P8,0.9999999999999946
"Block(16,0.02)",21,1,P8_min,0.999999999999994
"Block(16,0.02)",21,2,P1(a=0),128.0
"Block(16,0.02)",21,2,P1(a=1),127.99999999998495
"Block(16,0.02)",21,2,P1(a=2),128.00000000000784
"Block(16,0.02)",21,2,P2,128.0
"Block(16,0.02)",21,2,P2_mean,128.0
"Block(16,0.02)",21,2,P3,0.49999999999999734
"Block(16,0.02)",21,2,P4,nan
"Block(16,0.02)",21,2,P4_method,not-solved
"Block(16,0.02)",21,2,P4-int,128.0
"Block(16,0.02)",21,2,P5_outdeg,8.0
"Block(16,0.02)",21,2,P5_persist,0.12250000000000007
"Block(16,0.02)",21,2,P6,167.70487071603208
"Block(16,0.02)",21,2,P7(1),6.773833058477382e+54
"Block(16,0.02)",21,2,P7(2),1.0447177605827055e+48
"Block(16,0.02)",21,2,P7_method,closed
"Block(16,0.02)",21,2,P7_se,0.0
"Block(16,0.02)",21,2,P8,0.9999999999999647
"Block(16,0.02)",21,2,P8_min,0.9999999999999634
"Block(16,0.02)",21,4,P1(a=0),64.0
"Block(16,0.02)",21,4,P1(a=1),63.99999999999382
"Block(16,0.02)",21,4,P1(a=2),64.00000000000392
"Block(16,0.02)",21,4,P2,64.0
"Block(16,0.02)",21,4,P2_mean,64.0
"Block(16,0.02)",21,4,P3,0.49999999999999734
"Block(16,0.02)",21,4,P4,0.9999999999999994
"Block(16,0.02)",21,4,P4_method,solved
"Block(16,0.02)",21,4,P4-int,64.0
"Block(16,0.02)",21,4,P5_outdeg,4.0
"Block(16,0.02)",21,4,P5_persist,0.24500000000000005
"Block(16,0.02)",21,4,P6,167.70487071603213
"Block(16,0.02)",21,4,P7(1),1.757769271975454e+30
"Block(16,0.02)",21,4,P7(2),1.8109532224640768e+25
"Block(16,0.02)",21,4,P7_method,closed
"Block(16,0.02)",21,4,P7_se,0.0
"Block(16,0.02)",21,4,P8,0.9999999999999634
"Block(16,0.02)",21,4,P8_min,0.9999999999999614
"Block(16,0.02)",21,8,P1(a=0),32.0
"Block(16,0.02)",21,8,P1(a=1),31.999999999997588
"Block(16,0.02)",21,8,P1(a=2),32.00000000000196
"Block(16,0.02)",21,8,P2,32.0
"Block(16,0.02)",21,8,P2_mean,32.0
"Block(16,0.02)",21,8,P3,0.49999999999999734
"Block(16,0.02)",21,8,P4,0.9999999999999865
"Block(16,0.02)",21,8,P4_method,solved
"Block(16,0.02)",21,8,P4-int,32.0
"Block(16,0.02)",21,8,P5_outdeg,2.0
"Block(16,0.02)",21,8,P5_persist,0.4899999999999999
"Block(16,0.02)",21,8,P6,167.7048707160326
"Block(16,0.02)",21,8,P7(1),9105179.177929163
"Block(16,0.02)",21,8,P7(2),6024.953429240636
"Block(16,0.02)",21,8,P7_method,closed
"Block(16,0.02)",21,8,P7_se,0.0
"Block(16,0.02)",21,8,P8,0.9999999999999736
"Block(16,0.02)",21,8,P8_min,0.999999999999972
"Block(16,0.02)",21,16,P1(a=0),16.0
"Block(16,0.02)",21,16,P1(a=1),15.99999999999913
"Block(16,0.02)",21,16,P1(a=2),16.00000000000098
"Block(16,0.02)",21,16,P2,16.0
"Block(16,0.02)",21,16,P2_mean,16.0
"Block(16,0.02)",21,16,P3,0.49999999999999734
"Block(16,0.02)",21,16,P4,1.0
"Block(16,0.02)",21,16,P4_method,solved
"Block(16,0.02)",21,16,P4-int,16.0
"Block(16,0.02)",21,16,P5_outdeg,1.0
"Block(16,0.02)",21,16,P5_persist,0.9800000000000003
"Block(16,0.02)",21,16,P6,167.70487071603245
"Block(16,0.02)",21,16,P7(1),2166.0731247457666
"Block(16,0.02)",21,16,P7(2),190.18118304121347
"Block(16,0.02)",21,16,P7_method,closed
"Block(16,0.02)",21,16,P7_se,0.0
"Block(16,0.02)",21,16,P8,0.9999999999999779
"Block(16,0.02)",21,16,P8_min,0.9999999999999777
"Block(16,0.1)",22,1,P1(a=0),256.0
"Block(16,0.1)",22,1,P1(a=1),256.0000000000187
"Block(16,0.1)",22,1,P1(a=2),255.99999999999173
"Block(16,0.1)",22,1,P2,256.0
"Block(16,0.1)",22,1,P2_mean,256.0
"Block(16,0.1)",22,1,P3,0.49999999999999767
"Block(16,0.1)",22,1,P4,nan
"Block(16,0.1)",22,1,P4_method,not-solved
"Block(16,0.1)",22,1,P4-int,256.0
"Block(16,0.1)",22,1,P5_outdeg,16.0
"Block(16,0.1)",22,1,P5_persist,0.05625000000000003
"Block(16,0.1)",22,1,P6,139.30884663923757
"Block(16,0.1)",22,1,P7(1),7.717581690887003e+90
"Block(16,0.1)",22,1,P7(2),2.4786473662059882e+75
"Block(16,0.1)",22,1,P7_method,closed
"Block(16,0.1)",22,1,P7_se,0.0
"Block(16,0.1)",22,1,P8,0.9999999999999952
"Block(16,0.1)",22,1,P8_min,0.9999999999999941
"Block(16,0.1)",22,2,P1(a=0),128.0
"Block(16,0.1)",22,2,P1(a=1),128.00000000000807
"Block(16,0.1)",22,2,P1(a=2),127.99999999999586
"Block(16,0.1)",22,2,P2,128.0
"Block(16,0.1)",22,2,P2_mean,128.0
"Block(16,0.1)",22,2,P3,0.49999999999999767
"Block(16,0.1)",22,2,P4,nan
"Block(16,0.1)",22,2,P4_method,not-solved
"Block(16,0.1)",22,2,P4-int,128.0
"Block(16,0.1)",22,2,P5_outdeg,8.0
"Block(16,0.1)",22,2,P5_persist,0.1125
"Block(16,0.1)",22,2,P6,139.30884663923956
"Block(16,0.1)",22,2,P7(1),5.094275461613422e+67
"Block(16,0.1)",22,2,P7(2),5.426564734581853e+52
"Block(16,0.1)",22,2,P7_method,closed
"Block(16,0.1)",22,2,P7_se,0.0
"Block(16,0.1)",22,2,P8,1.0000000000000067
"Block(16,0.1)",22,2,P8_min,1.0000000000000062
"Block(16,0.1)",22,4,P1(a=0),64.0
"Block(16,0.1)",22,4,P1(a=1),64.00000000000324
"Block(16,0.1)",22,4,P1(a=2),63.99999999999793
"Block(16,0.1)",22,4,P2,64.0
"Block(16,0.1)",22,4,P2_mean,64.0
"Block(16,0.1)",22,4,P3,0.49999999999999767
"Block(16,0.1)",22,4,P4,0.9999999999999858
"Block(16,0.1)",22,4,P4_method,solved
"Block(16,0.1)",22,4,P4-int,64.0
"Block(16,0.1)",22,4,P5_outdeg,4.0
"Block(16,0.1)",22,4,P5_persist,0.22500000000000003
"Block(16,0.1)",22,4,P6,139.30884663923933
"Block(16,0.1)",22,4,P7(1),1.6613388935754075e+43
"Block(16,0.1)",22,4,P7(2),9.399314917568187e+29
"Block(16,0.1)",22,4,P7_method,closed
"Block(16,0.1)",22,4,P7_se,0.0
"Block(16,0.1)",22,4,P8,1.0000000000000095
"Block(16,0.1)",22,4,P8_min,1.0000000000000047
"Block(16,0.1)",22,8,P1(a=0),32.0
"Block(16,0.1)",22,8,P1(a=1),32.00000000000128
"Block(16,0.1)",22,8,P1(a=2),31.999999999998966
"Block(16,0.1)",22,8,P2,32.0
"Block(16,0.1)",22,8,P2_mean,32.0
"Block(16,0.1)",22,8,P3,0.49999999999999767
"Block(16,0.1)",22,8,P4,0.9999999999999999
"Block(16,0.1)",22,8,P4_method,solved
"Block(16,0.1)",22,8,P4-int,32.0
"Block(16,0.1)",22,8,P5_outdeg,32.0
"Block(16,0.1)",22,8,P5_persist,0.45000000000000007
"Block(16,0.1)",22,8,P6,139.30884663923916
"Block(16,0.1)",22,8,P7(1),2.6488313339184636e+19
"Block(16,0.1)",22,8,P7(2),310284134.9729224
"Block(16,0.1)",22,8,P7_method,closed
"Block(16,0.1)",22,8,P7_se,0.0
"Block(16,0.1)",22,8,P8,1.0000000000000075
"Block(16,0.1)",22,8,P8_min,1.0000000000000058
"Block(16,0.1)",22,16,P1(a=0),16.0
"Block(16,0.1)",22,16,P1(a=1),16.00000000000046
"Block(16,0.1)",22,16,P1(a=2),15.999999999999483
"Block(16,0.1)",22,16,P2,16.0
"Block(16,0.1)",22,16,P2_mean,16.0
"Block(16,0.1)",22,16,P3,0.49999999999999767
"Block(16,0.1)",22,16,P4,0.9999999999999951
"Block(16,0.1)",22,16,P4_method,solved
"Block(16,0.1)",22,16,P4-int,16.0
"Block(16,0.1)",22,16,P5_outdeg,16.0
"Block(16,0.1)",22,16,P5_persist,0.8999999999999998
"Block(16,0.1)",22,16,P6,139.30884663923916
"Block(16,0.1)",22,16,P7(1),5285094697.926844
"Block(16,0.1)",22,16,P7(2),1386556.4734362161
"Block(16,0.1)",22,16,P7_method,closed
"Block(16,0.1)",22,16,P7_se,0.0
"Block(16,0.1)",22,16,P8,1.000000000000028
"Block(16,0.1)",22,16,P8_min,1.0000000000000278
"Block(64,0.02)",23,1,P1(a=0),256.0
"Block(64,0.02)",23,1,P1(a=1),255.99999999995376
"Block(64,0.02)",23,1,P1(a=2),256.0000000000203
"Block(64,0.02)",23,1,P2,256.0
"Block(64,0.02)",23,1,P2_mean,256.0
"Block(64,0.02)",23,1,P3,0.5000000000000002
"Block(64,0.02)",23,1,P4,nan
"Block(64,0.02)",23,1,P4_method,not-solved
"Block(64,0.02)",23,1,P4-int,256.0
"Block(64,0.02)",23,1,P5_outdeg,4.0
"Block(64,0.02)",23,1,P5_persist,0.24500000000000016
"Block(64,0.02)",23,1,P6,254.59080163533633
"Block(64,0.02)",23,1,P7(1),4.413477848953207e+31
"Block(64,0.02)",23,1,P7(2),7.252121691629255e+25
"Block(64,0.02)",23,1,P7_method,closed
"Block(64,0.02)",23,1,P7_se,0.0
"Block(64,0.02)",23,1,P8,1.0000000000000213
"Block(64,0.02)",23,1,P8_min,1.000000000000021
"Block(64,0.02)",23,2,P1(a=0),128.0
"Block(64,0.02)",23,2,P1(a=1),127.99999999998042
"Block(64,0.02)",23,2,P1(a=2),128.00000000001015
"Block(64,0.02)",23,2,P2,128.0
"Block(64,0.02)",23,2,P2_mean,128.0
"Block(64,0.02)",23,2,P3,0.5000000000000002
"Block(64,0.02)",23,2,P4,nan
"Block(64,0.02)",23,2,P4_method,not-solved
"Block(64,0.02)",23,2,P4-int,128.0
"Block(64,0.02)",23,2,P5_outdeg,2.0
"Block(64,0.02)",23,2,P5_persist,0.4900000000000003
"Block(64,0.02)",23,2,P6,254.5908016353348
"Block(64,0.02)",23,2,P7(1),228616504.18645787
"Block(64,0.02)",23,2,P7(2),24132.46451413829
"Block(64,0.02)",23,2,P7_method,closed
"Block(64,0.02)",23,2,P7_se,0.0
"Block(64,0.02)",23,2,P8,1.0000000000000266
"Block(64,0.02)",23,2,P8_min,1.000000000000026
"Block(64,0.02)",23,4,P1(a=0),64.0
"Block(64,0.02)",23,4,P1(a=1),63.99999999999197
"Block(64,0.02)",23,4,P1(a=2),64.00000000000509
"Block(64,0.02)",23,4,P2,64.0
"Block(64,0.02)",23,4,P2_mean,64.0
"Block(64,0.02)",23,4,P3,0.5000000000000002
"Block(64,0.02)",23,4,P4,0.9999999999999983
"Block(64,0.02)",23,4,P4_method,solved
"Block(64,0.02)",23,4,P4-int,64.0
"Block(64,0.02)",23,4,P5_outdeg,1.0
"Block(64,0.02)",23,4,P5_persist,0.9800000000000005
"Block(64,0.02)",23,4,P6,254.59080163533446
"Block(64,0.02)",23,4,P7(1),54386.63599196516
"Block(64,0.02)",23,4,P7(2),827.1099818874316
"Block(64,0.02)",23,4,P7_method,closed
"Block(64,0.02)",23,4,P7_se,0.0
"Block(64,0.02)",23,4,P8,1.0000000000000036
"Block(64,0.02)",23,4,P8_min,1.0000000000000033
"Block(64,0.02)",23,8,P1(a=0),32.0
"Block(64,0.02)",23,8,P1(a=1),31.999999999996867
"Block(64,0.02)",23,8,P1(a=2),32.000000000002544
"Block(64,0.02)",23,8,P2,32.0
"Block(64,0.02)",23,8,P2_mean,32.0
"Block(64,0.02)",23,8,P3,0.5000000000000002
"Block(64,0.02)",23,8,P4,0.9999999999999962
"Block(64,0.02)",23,8,P4_method,solved
"Block(64,0.02)",23,8,P4-int,32.0
"Block(64,0.02)",23,8,P5_outdeg,1.0
"Block(64,0.02)",23,8,P5_persist,0.98031746031746
"Block(64,0.02)",23,8,P6,211.28609811091513
"Block(64,0.02)",23,8,P7(1),10138.645075257715
"Block(64,0.02)",23,8,P7(2),386.71032636849964
"Block(64,0.02)",23,8,P7_method,closed
"Block(64,0.02)",23,8,P7_se,0.0
"Block(64,0.02)",23,8,P8,1.0000000000000409
"Block(64,0.02)",23,8,P8_min,1.0000000000000406
"Block(64,0.02)",23,16,P1(a=0),16.0
"Block(64,0.02)",23,16,P1(a=1),15.99999999999887
"Block(64,0.02)",23,16,P1(a=2),16.00000000000127
"Block(64,0.02)",23,16,P2,16.0
"Block(64,0.02)",23,16,P2_mean,16.0
"Block(64,0.02)",23,16,P3,0.5000000000000002
"Block(64,0.02)",23,16,P4,0.9999999999999956
"Block(64,0.02)",23,16,P4_method,solved
"Block(64,0.02)",23,16,P4-int,16.0
"Block(64,0.02)",23,16,P5_outdeg,1.0
"Block(64,0.02)",23,16,P5_persist,0.9809523809523808
"Block(64,0.02)",23,16,P6,168.10865299212506
"Block(64,0.02)",23,16,P7(1),1786.0151957036594
"Block(64,0.02)",23,16,P7(2),169.67046600306557
"Block(64,0.02)",23,16,P7_method,closed
"Block(64,0.02)",23,16,P7_se,0.0
"Block(64,0.02)",23,16,P8,1.0000000000000133
"Block(64,0.02)",23,16,P8_min,1.0000000000000133
"Block(64,0.1)",24,1,P1(a=0),256.0
"Block(64,0.1)",24,1,P1(a=1),255.9999999999986
"Block(64,0.1)",24,1,P1(a=2),256.0000000000008
"Block(64,0.1)",24,1,P2,256.0
"Block(64,0.1)",24,1,P2_mean,256.0
"Block(64,0.1)",24,1,P3,0.5000000000000008
"Block(64,0.1)",24,1,P4,nan
"Block(64,0.1)",24,1,P4_method,not-solved
"Block(64,0.1)",24,1,P4-int,256.0
"Block(64,0.1)",24,1,P5_outdeg,4.0
"Block(64,0.1)",24,1,P5_persist,0.22500000000000006
"Block(64,0.1)",24,1,P6,218.8471447890605
"Block(64,0.1)",24,1,P7(1),6.4761020291901114e+47
"Block(64,0.1)",24,1,P7(2),3.8896079028752323e+30
"Block(64,0.1)",24,1,P7_method,closed
"Block(64,0.1)",24,1,P7_se,0.0
"Block(64,0.1)",24,1,P8,1.000000000000003
"Block(64,0.1)",24,1,P8_min,1.0000000000000024
"Block(64,0.1)",24,2,P1(a=0),128.0
"Block(64,0.1)",24,2,P1(a=1),127.99999999999955
"Block(64,0.1)",24,2,P1(a=2),128.0000000000004
"Block(64,0.1)",24,2,P2,128.0
"Block(64,0.1)",24,2,P2_mean,128.0
"Block(64,0.1)",24,2,P3,0.5000000000000008
"Block(64,0.1)",24,2,P4,nan
"Block(64,0.1)",24,2,P4_method,not-solved
"Block(64,0.1)",24,2,P4-int,128.0
"Block(64,0.1)",24,2,P5_outdeg,2.0
"Block(64,0.1)",24,2,P5_persist,0.4500000000000001
"Block(64,0.1)",24,2,P6,218.84714478906045
"Block(64,0.1)",24,2,P7(1),1.0325468237040385e+24
"Block(64,0.1)",24,2,P7(2),1291920946.771375
"Block(64,0.1)",24,2,P7_method,closed
"Block(64,0.1)",24,2,P7_se,0.0
"Block(64,0.1)",24,2,P8,0.999999999999998
"Block(64,0.1)",24,2,P8_min,0.9999999999999977
"Block(64,0.1)",24,4,P1(a=0),64.0
"Block(64,0.1)",24,4,P1(a=1),63.99999999999974
"Block(64,0.1)",24,4,P1(a=2),64.0000000000002
"Block(64,0.1)",24,4,P2,64.0
"Block(64,0.1)",24,4,P2_mean,64.0
"Block(64,0.1)",24,4,P3,0.5000000000000008
"Block(64,0.1)",24,4,P4,0.9999999999999994
"Block(64,0.1)",24,4,P4_method,solved
"Block(64,0.1)",24,4,P4-int,64.0
"Block(64,0.1)",24,4,P5_outdeg,1.0
"Block(64,0.1)",24,4,P5_persist,0.9000000000000001
"Block(64,0.1)",24,4,P6,218.8471447890605
"Block(64,0.1)",24,4,P7(1),206019449915175.0
"Block(64,0.1)",24,4,P7(2),23342136.43049415
"Block(64,0.1)",24,4,P7_method,closed
"Block(64,0.1)",24,4,P7_se,0.0
"Block(64,0.1)",24,4,P8,0.9999999999999833
"Block(64,0.1)",24,4,P8_min,0.9999999999999833
"Block(64,0.1)",24,8,P1(a=0),32.0
"Block(64,0.1)",24,8,P1(a=1),31.999999999999886
"Block(64,0.1)",24,8,P1(a=2),32.0000000000001
"Block(64,0.1)",24,8,P2,32.0
"Block(64,0.1)",24,8,P2_mean,32.0
"Block(64,0.1)",24,8,P3,0.5000000000000008
"Block(64,0.1)",24,8,P4,0.9999999999999999
"Block(64,0.1)",24,8,P4_method,solved
"Block(64,0.1)",24,8,P4-int,32.0
"Block(64,0.1)",24,8,P5_outdeg,1.0
"Block(64,0.1)",24,8,P5_persist,0.9015873015873016
"Block(64,0.1)",24,8,P6,179.59722906201847
"Block(64,0.1)",24,8,P7(1),771093567365.8809
"Block(64,0.1)",24,8,P7(2),5596823.912980205
"Block(64,0.1)",24,8,P7_method,closed
"Block(64,0.1)",24,8,P7_se,0.0
"Block(64,0.1)",24,8,P8,1.000000000000006
"Block(64,0.1)",24,8,P8_min,1.000000000000006
"Block(64,0.1)",24,16,P1(a=0),16.0
"Block(64,0.1)",24,16,P1(a=1),15.999999999999957
"Block(64,0.1)",24,16,P1(a=2),16.00000000000005
"Block(64,0.1)",24,16,P2,16.0
"Block(64,0.1)",24,16,P2_mean,16.0
"Block(64,0.1)",24,16,P3,0.5000000000000008
"Block(64,0.1)",24,16,P4,0.9999999999999998
"Block(64,0.1)",24,16,P4_method,solved
"Block(64,0.1)",24,16,P4-int,16.0
"Block(64,0.1)",24,16,P5_outdeg,16.0
"Block(64,0.1)",24,16,P5_persist,0.9047619047619049
"Block(64,0.1)",24,16,P6,140.81196659176024
"Block(64,0.1)",24,16,P7(1),2263753107.298402
"Block(64,0.1)",24,16,P7(2),827710.8078833298
"Block(64,0.1)",24,16,P7_method,closed
"Block(64,0.1)",24,16,P7_se,0.0
"Block(64,0.1)",24,16,P8,1.0000000000000164
"Block(64,0.1)",24,16,P8_min,1.0000000000000162
ShiftMix(0.05),25,1,P1(a=0),256.0
ShiftMix(0.05),25,1,P1(a=1),255.99999999996876
ShiftMix(0.05),25,1,P1(a=2),256.00000000001376
ShiftMix(0.05),25,1,P2,256.0
ShiftMix(0.05),25,1,P2_mean,256.0
ShiftMix(0.05),25,1,P3,0.4999999999999954
ShiftMix(0.05),25,1,P4,nan
ShiftMix(0.05),25,1,P4_method,not-solved
ShiftMix(0.05),25,1,P4-int,256.0
ShiftMix(0.05),25,1,P5_outdeg,1.0
ShiftMix(0.05),25,1,P5_persist,0.00019531249999999996
ShiftMix(0.05),25,1,P6,324.5604345403814
ShiftMix(0.05),25,1,P7(1),3616082817670691.0
ShiftMix(0.05),25,1,P7(2),176936.49601796133
ShiftMix(0.05),25,1,P7_method,closed
ShiftMix(0.05),25,1,P7_se,0.0
ShiftMix(0.05),25,1,P8,0.9999999999999765
ShiftMix(0.05),25,1,P8_min,0.9999999999999759
ShiftMix(0.05),25,2,P1(a=0),128.0
ShiftMix(0.05),25,2,P1(a=1),127.99999999998677
ShiftMix(0.05),25,2,P1(a=2),128.00000000000688
ShiftMix(0.05),25,2,P2,128.0
ShiftMix(0.05),25,2,P2_mean,128.0
ShiftMix(0.05),25,2,P3,0.4999999999999954
ShiftMix(0.05),25,2,P4,nan
ShiftMix(0.05),25,2,P4_method,not-solved
ShiftMix(0.05),25,2,P4-int,128.0
ShiftMix(0.05),25,2,P5_outdeg,1.0
ShiftMix(0.05),25,2,P5_persist,0.0003906250000000002
ShiftMix(0.05),25,2,P6,282.5183813423519
ShiftMix(0.05),25,2,P7(1),168816103344588.4
ShiftMix(0.05),25,2,P7(2),86068.35675262565
ShiftMix(0.05),25,2,P7_method,closed
ShiftMix(0.05),25,2,P7_se,0.0
ShiftMix(0.05),25,2,P8,0.9999999999999789
ShiftMix(0.05),25,2,P8_min,0.9999999999999788
ShiftMix(0.05),25,4,P1(a=0),64.0
ShiftMix(0.05),25,4,P1(a=1),63.99999999999457
ShiftMix(0.05),25,4,P1(a=2),64.00000000000344
ShiftMix(0.05),25,4,P2,64.0
ShiftMix(0.05),25,4,P2_mean,64.0
ShiftMix(0.05),25,4,P3,0.4999999999999954
ShiftMix(0.05),25,4,P4,0.9999999999999988
ShiftMix(0.05),25,4,P4_method,solved
ShiftMix(0.05),25,4,P4-int,64.0
ShiftMix(0.05),25,4,P5_outdeg,1.0
ShiftMix(0.05),25,4,P5_persist,0.0007812500000000002
ShiftMix(0.05),25,4,P6,240.56030255083516
ShiftMix(0.05),25,4,P7(1),6882618674728.539
ShiftMix(0.05),25,4,P7(2),40691.0059925109
ShiftMix(0.05),25,4,P7_method,closed
ShiftMix(0.05),25,4,P7_se,0.0
ShiftMix(0.05),25,4,P8,0.9999999999999958
ShiftMix(0.05),25,4,P8_min,0.9999999999999953
ShiftMix(0.05),25,8,P1(a=0),32.0
ShiftMix(0.05),25,8,P1(a=1),31.999999999997886
ShiftMix(0.05),25,8,P1(a=2),32.00000000000172
ShiftMix(0.05),25,8,P2,32.0
ShiftMix(0.05),25,8,P2_mean,32.0
ShiftMix(0.05),25,8,P3,0.4999999999999954
ShiftMix(0.05),25,8,P4,0.9999999999999962
ShiftMix(0.05),25,8,P4_method,solved
ShiftMix(0.05),25,8,P4-int,32.0
ShiftMix(0.05),25,8,P5_outdeg,1.0
ShiftMix(0.05),25,8,P5_persist,0.0015624999999999992
ShiftMix(0.05),25,8,P6,198.75286699607733
ShiftMix(0.05),25,8,P7(1),217948018751.1193
ShiftMix(0.05),25,8,P7(2),18119.350822992343
ShiftMix(0.05),25,8,P7_method,closed
ShiftMix(0.05),25,8,P7_se,0.0
ShiftMix(0.05),25,8,P8,0.9999999999999889
ShiftMix(0.05),25,8,P8_min,0.9999999999999871
ShiftMix(0.05),25,16,P1(a=0),16.0
ShiftMix(0.05),25,16,P1(a=1),15.999999999999238
ShiftMix(0.05),25,16,P1(a=2),16.00000000000086
ShiftMix(0.05),25,16,P2,16.0
ShiftMix(0.05),25,16,P2_mean,16.0
ShiftMix(0.05),25,16,P3,0.4999999999999954
ShiftMix(0.05),25,16,P4,0.9999999999999958
ShiftMix(0.05),25,16,P4_method,solved
ShiftMix(0.05),25,16,P4-int,16.0
ShiftMix(0.05),25,16,P5_outdeg,16.0
ShiftMix(0.05),25,16,P5_persist,0.0031249999999999984
ShiftMix(0.05),25,16,P6,157.2121528655967
ShiftMix(0.05),25,16,P7(1),4326126550.97237
ShiftMix(0.05),25,16,P7(2),7076.983201087792
ShiftMix(0.05),25,16,P7_method,closed
ShiftMix(0.05),25,16,P7_se,0.0
ShiftMix(0.05),25,16,P8,0.9999999999999846
ShiftMix(0.05),25,16,P8_min,0.9999999999999827
ShiftMix(0.2),26,1,P1(a=0),256.0
ShiftMix(0.2),26,1,P1(a=1),256.00000000001296
ShiftMix(0.2),26,1,P1(a=2),255.9999999999943
ShiftMix(0.2),26,1,P2,256.0
ShiftMix(0.2),26,1,P2_mean,256.0
ShiftMix(0.2),26,1,P3,0.5000000000000014
ShiftMix(0.2),26,1,P4,nan
ShiftMix(0.2),26,1,P4_method,not-solved
ShiftMix(0.2),26,1,P4-int,256.0
ShiftMix(0.2),26,1,P5_outdeg,1.0
ShiftMix(0.2),26,1,P5_persist,0.0007812500000000004
ShiftMix(0.2),26,1,P6,252.28392804730686
ShiftMix(0.2),26,1,P7(1),7.58834877756433e+46
ShiftMix(0.2),26,1,P7(2),562407843490357.75
ShiftMix(0.2),26,1,P7_method,closed
ShiftMix(0.2),26,1,P7_se,0.0
ShiftMix(0.2),26,1,P8,1.0000000000000262
ShiftMix(0.2),26,1,P8_min,1.000000000000026
ShiftMix(0.2),26,2,P1(a=0),128.0
ShiftMix(0.2),26,2,P1(a=1),128.00000000000554
ShiftMix(0.2),26,2,P1(a=2),127.99999999999714
ShiftMix(0.2),26,2,P2,128.0
ShiftMix(0.2),26,2,P2_mean,128.0
ShiftMix(0.2),26,2,P3,0.5000000000000014
ShiftMix(0.2),26,2,P4,nan
ShiftMix(0.2),26,2,P4_method,not-solved
ShiftMix(0.2),26,2,P4-int,128.0
ShiftMix(0.2),26,2,P5_outdeg,1.0
ShiftMix(0.2),26,2,P5_persist,0.0015624999999999999
ShiftMix(0.2),26,2,P6,217.12212446147834
ShiftMix(0.2),26,2,P7(1),3.1230950922637887e+42
ShiftMix(0.2),26,2,P7(2),241651888841385.22
ShiftMix(0.2),26,2,P7_method,closed
ShiftMix(0.2),26,2,P7_se,0.0
ShiftMix(0.2),26,2,P8,1.0000000000000182
ShiftMix(0.2),26,2,P8_min,1.000000000000017
ShiftMix(0.2),26,4,P1(a=0),64.0
ShiftMix(0.2),26,4,P1(a=1),64.00000000000223
ShiftMix(0.2),26,4,P1(a=2),63.99999999999857
ShiftMix(0.2),26,4,P2,64.0
ShiftMix(0.2),26,4,P2_mean,64.0
ShiftMix(0.2),26,4,P3,0.5000000000000014
ShiftMix(0.2),26,4,P4,0.999999999999995
ShiftMix(0.2),26,4,P4_method,solved
ShiftMix(0.2),26,4,P4-int,64.0
ShiftMix(0.2),26,4,P5_outdeg,1.0
ShiftMix(0.2),26,4,P5_persist,0.0031249999999999984
ShiftMix(0.2),26,4,P6,182.21848436783216
ShiftMix(0.2),26,4,P7(1),8.126188117764826e+37
ShiftMix(0.2),26,4,P7(2),87371428719129.08
ShiftMix(0.2),26,4,P7_method,closed
ShiftMix(0.2),26,4,P7_se,0.0
ShiftMix(0.2),26,4,P8,1.0000000000000084
ShiftMix(0.2),26,4,P8_min,1.0000000000000075
ShiftMix(0.2),26,8,P1(a=0),32.0
ShiftMix(0.2),26,8,P1(a=1),32.000000000000874
ShiftMix(0.2),26,8,P1(a=2),31.999999999999286
ShiftMix(0.2),26,8,P2,32.0
ShiftMix(0.2),26,8,P2_mean,32.0
ShiftMix(0.2),26,8,P3,0.5000000000000014
ShiftMix(0.2),26,8,P4,0.9999999999999998
ShiftMix(0.2),26,8,P4_method,solved
ShiftMix(0.2),26,8,P4-int,32.0
ShiftMix(0.2),26,8,P5_outdeg,32.0
ShiftMix(0.2),26,8,P5_persist,0.006250000000000002
ShiftMix(0.2),26,8,P6,147.76229366927993
ShiftMix(0.2),26,8,P7(1),9.182708844236399e+32
ShiftMix(0.2),26,8,P7(2),21200709216786.71
ShiftMix(0.2),26,8,P7_method,closed
ShiftMix(0.2),26,8,P7_se,0.0
ShiftMix(0.2),26,8,P8,1.0000000000000155
ShiftMix(0.2),26,8,P8_min,1.000000000000014
ShiftMix(0.2),26,16,P1(a=0),16.0
ShiftMix(0.2),26,16,P1(a=1),16.00000000000032
ShiftMix(0.2),26,16,P1(a=2),15.999999999999643
ShiftMix(0.2),26,16,P2,16.0
ShiftMix(0.2),26,16,P2_mean,16.0
ShiftMix(0.2),26,16,P3,0.5000000000000014
ShiftMix(0.2),26,16,P4,0.9999999999999993
ShiftMix(0.2),26,16,P4_method,solved
ShiftMix(0.2),26,16,P4-int,16.0
ShiftMix(0.2),26,16,P5_outdeg,16.0
ShiftMix(0.2),26,16,P5_persist,0.012500000000000011
ShiftMix(0.2),26,16,P6,114.06411163879051
ShiftMix(0.2),26,16,P7(1),2.3620998979898282e+27
ShiftMix(0.2),26,16,P7(2),2037540712323.4702
ShiftMix(0.2),26,16,P7_method,closed
ShiftMix(0.2),26,16,P7_se,0.0
ShiftMix(0.2),26,16,P8,1.0000000000000107
ShiftMix(0.2),26,16,P8_min,1.0000000000000084
