member,ell,src,EV,Var,D1,D2,exceed,cls
Loc(1),1,est,10.4743,9.67697,1.601e-01,5.991e-03,1,2nd
Loc(1),2,est,5.73715,2.54428,1.438e-01,4.506e-03,1,2nd
Loc(1),4,est,3.36858,0.76255,1.182e-01,2.314e-03,1,2nd
Loc(1),8,est,2.18429,0.29842,8.199e-02,5.397e-04,1,2nd
Loc(1),16,est,1.59214,0.25084,3.618e-02,2.444e-04,1,2nd
Loc(2),1,est,16.47231,19.24106,1.735e-01,3.505e-03,1,2nd
Loc(2),2,est,9.28409,7.31598,1.594e-01,5.636e-03,1,2nd
Loc(2),4,est,5.14204,1.9541,1.417e-01,4.162e-03,1,2nd
Loc(2),8,est,3.07102,0.6171,1.146e-01,1.853e-03,1,2nd
Loc(2),16,est,2.03551,0.26213,7.594e-02,5.950e-05,1,2nd
Loc(4),1,est,25.39361,31.19716,1.850e-01,1.200e-03,1,2nd
Loc(4),2,est,15.35926,17.19778,1.740e-01,3.810e-03,1,2nd
Loc(4),4,est,8.58857,6.12925,1.594e-01,5.523e-03,1,2nd
Loc(4),8,est,4.79429,1.65736,1.414e-01,4.013e-03,1,2nd
Loc(4),16,est,2.89714,0.54323,1.147e-01,1.632e-03,1,2nd
Loc(8),1,est,36.30916,34.90102,1.952e-01,1.801e-04,1,2nd
Loc(8),2,est,24.55974,30.30424,1.843e-01,1.464e-03,1,2nd
Loc(8),4,est,14.73357,16.09181,1.698e-01,4.267e-03,1,2nd
Loc(8),8,est,8.20697,5.53434,1.537e-01,5.836e-03,1,2nd
Loc(8),16,est,4.60349,1.50851,1.364e-01,4.344e-03,1,2nd
Loc(16),1,est,46.659,26.04137,1.999e-01,6.112e-05,1,2nd
Loc(16),2,est,35.83633,34.95111,1.837e-01,1.905e-04,1,2nd
Loc(16),4,est,24.1007,29.64392,1.539e-01,1.659e-03,1,2nd
Loc(16),8,est,14.39492,15.36287,1.250e-01,4.685e-03,1,2nd
Loc(16),16,est,8.00118,5.14618,1.062e-01,6.277e-03,1,2nd
Loc(32),1,est,53.96706,12.53729,2.011e-01,4.088e-05,1,2nd
Loc(32),2,est,45.74335,20.24717,1.742e-01,9.878e-05,1,2nd
Loc(32),4,est,34.54495,23.006,1.165e-01,2.645e-04,1,2nd
Loc(32),8,est,22.64564,15.04499,5.452e-02,4.881e-04,1,2nd
Loc(32),16,est,13.1178,5.48086,1.725e-02,1.174e-03,1,2nd
Perm(identity),1,exact,1.0,0.0,0.000e+00,0.000e+00,0,
Perm(identity),2,exact,1.0,0.0,0.000e+00,0.000e+00,0,
Perm(identity),4,exact,1.0,0.0,0.000e+00,0.000e+00,0,
Perm(identity),8,exact,1.0,0.0,0.000e+00,0.000e+00,0,
Perm(identity),16,exact,1.0,0.0,0.000e+00,0.000e+00,0,
Perm(shift-1),1,exact,65.0,0.0,1.974e-01,0.000e+00,1,2nd
Perm(shift-1),2,exact,33.0,0.0,1.947e-01,0.000e+00,1,2nd
Perm(shift-1),4,exact,17.0,0.0,1.885e-01,0.000e+00,1,2nd
Perm(shift-1),8,exact,9.0,0.0,1.771e-01,0.000e+00,1,2nd
Perm(shift-1),16,exact,5.0,0.0,1.575e-01,0.000e+00,1,2nd
Perm(shift-4),1,exact,64.0,0.0,1.975e-01,0.000e+00,1,2nd
Perm(shift-4),2,exact,64.0,0.0,1.373e-01,0.000e+00,1,2nd
Perm(shift-4),4,exact,64.0,0.0,0.000e+00,0.000e+00,0,
Perm(shift-4),8,exact,32.0,0.0,0.000e+00,0.000e+00,0,
Perm(shift-4),16,exact,16.0,0.0,0.000e+00,0.000e+00,0,
Perm(shift-16),1,exact,16.0,0.0,1.910e-01,0.000e+00,1,2nd
Perm(shift-16),2,exact,16.0,0.0,1.937e-01,0.000e+00,1,2nd
Perm(shift-16),4,exact,16.0,0.0,1.896e-01,0.000e+00,1,2nd
Perm(shift-16),8,exact,16.0,0.0,1.358e-01,0.000e+00,1,2nd
Perm(shift-16),16,exact,16.0,0.0,0.000e+00,0.000e+00,0,
Perm(shift-64),1,exact,4.0,0.0,1.437e-01,0.000e+00,1,2nd
Perm(shift-64),2,exact,4.0,0.0,1.447e-01,0.000e+00,1,2nd
Perm(shift-64),4,exact,4.0,0.0,1.468e-01,0.000e+00,1,2nd
Perm(shift-64),8,exact,4.0,0.0,1.514e-01,0.000e+00,1,2nd
Perm(shift-64),16,exact,4.0,0.0,1.530e-01,0.000e+00,1,2nd
Perm(random-0),1,exact,56.10938,368.36304,1.424e-01,3.126e-02,1,2nd
Perm(random-0),2,exact,47.34375,247.12402,1.175e-01,2.845e-02,1,2nd
Perm(random-0),4,exact,37.36719,126.04486,5.965e-02,2.163e-02,1,2nd
Perm(random-0),8,exact,25.52344,41.89008,7.193e-03,5.901e-03,0,
Perm(random-0),16,exact,14.42969,7.54974,1.495e-02,5.091e-03,1,2nd
Perm(random-1),1,exact,54.36719,305.62299,1.541e-01,2.400e-02,1,2nd
Perm(random-1),2,exact,48.60156,240.92719,1.223e-01,2.222e-02,1,2nd
Perm(random-1),4,exact,38.48047,120.12462,5.955e-02,1.942e-02,1,2nd
Perm(random-1),8,exact,25.97266,32.67503,7.306e-03,1.082e-02,0,
Perm(random-1),16,exact,15.07422,6.48277,1.959e-02,6.602e-03,1,2nd
Perm(random-2),1,exact,50.79688,357.67749,1.449e-01,1.771e-02,1,2nd
Perm(random-2),2,exact,43.66406,225.91058,1.283e-01,1.738e-02,1,2nd
Perm(random-2),4,exact,35.01172,104.60533,7.733e-02,1.817e-02,1,2nd
Perm(random-2),8,exact,24.81641,34.9702,1.186e-02,1.359e-02,1,higher
Perm(random-2),16,exact,14.87109,6.87791,1.868e-02,2.425e-03,1,2nd
Mix(0.02),1,exact,2.27187,1.24047,4.219e-02,1.389e-03,1,2nd
Mix(0.02),2,exact,2.26377,1.22668,4.230e-02,1.361e-03,1,2nd
Mix(0.02),4,exact,2.24768,1.1995,4.253e-02,1.304e-03,1,2nd
Mix(0.02),8,exact,2.2159,1.14672,4.301e-02,1.189e-03,1,2nd
Mix(0.02),16,exact,2.15395,1.04724,4.395e-02,9.607e-04,1,2nd
Mix(0.05),1,exact,4.16797,2.97433,9.881e-02,4.086e-03,1,2nd
Mix(0.05),2,exact,4.13625,2.91003,9.923e-02,4.001e-03,1,2nd
Mix(0.05),4,exact,4.07372,2.78549,1.001e-01,3.828e-03,1,2nd
Mix(0.05),8,exact,3.95223,2.55177,1.019e-01,3.473e-03,1,2nd
Mix(0.05),16,exact,3.72288,2.14016,1.006e-01,2.729e-03,1,2nd
Mix(0.1),1,exact,7.29719,5.53955,1.415e-01,2.903e-03,1,2nd
Mix(0.1),2,exact,7.19622,5.32747,1.424e-01,2.816e-03,1,2nd
Mix(0.1),4,exact,6.9997,4.9272,1.446e-01,2.634e-03,1,2nd
Mix(0.1),8,exact,6.62729,4.21409,1.445e-01,2.257e-03,1,2nd
Mix(0.1),16,exact,5.95781,3.08117,1.245e-01,1.457e-03,1,2nd
Mix(0.2),1,exact,13.44124,9.54148,1.728e-01,6.412e-04,1,2nd
Mix(0.2),2,exact,13.09463,8.88981,1.749e-01,6.029e-04,1,2nd
Mix(0.2),4,exact,12.43611,7.71501,1.748e-01,5.212e-04,1,2nd
Mix(0.2),8,exact,11.24615,5.80568,1.538e-01,3.399e-04,1,2nd
Mix(0.2),16,exact,9.29396,3.27972,9.547e-02,9.987e-05,1,2nd
Mix(0.5),1,exact,30.99079,14.10465,1.968e-01,6.881e-06,1,2nd
Mix(0.5),2,exact,29.14071,12.36654,1.928e-01,9.961e-06,1,2nd
Mix(0.5),4,exact,25.86352,9.38255,1.589e-01,7.990e-06,1,2nd
Mix(0.5),8,exact,20.68542,5.20296,8.468e-02,2.984e-05,1,2nd
Mix(0.5),16,exact,14.03374,1.47591,1.706e-02,7.869e-05,1,2nd
"Block(4,0.02)",1,est,47.2764,30.39822,1.992e-01,2.694e-05,1,2nd
"Block(4,0.02)",2,est,36.28352,47.56051,1.804e-01,5.726e-04,1,2nd
"Block(4,0.02)",4,est,24.12319,45.85315,1.443e-01,3.421e-03,1,2nd
"Block(4,0.02)",8,est,14.14472,24.3662,1.091e-01,7.639e-03,1,2nd
"Block(4,0.02)",16,est,7.68135,8.57576,8.473e-02,9.382e-03,1,2nd
"Block(4,0.1)",1,est,54.20448,12.54777,2.010e-01,5.137e-05,1,2nd
"Block(4,0.1)",2,est,46.08978,20.11407,1.736e-01,1.892e-04,1,2nd
"Block(4,0.1)",4,est,34.94353,22.06766,1.145e-01,5.333e-04,1,2nd
"Block(4,0.1)",8,est,22.97049,13.53221,5.218e-02,8.704e-04,1,2nd
"Block(4,0.1)",16,est,13.28917,4.73233,1.700e-02,1.451e-04,1,2nd
"Block(16,0.02)",1,est,25.00018,57.75891,1.724e-01,4.587e-03,1,2nd
"Block(16,0.02)",2,est,14.93559,33.55397,1.507e-01,1.075e-02,1,2nd
"Block(16,0.02)",4,est,8.23786,12.87078,1.280e-01,1.371e-02,1,2nd
"Block(16,0.02)",8,est,4.33814,3.98139,9.735e-02,1.009e-02,1,2nd
"Block(16,0.02)",16,est,2.22769,1.10702,4.777e-02,1.337e-03,1,2nd
"Block(16,0.1)",1,est,41.63092,38.53047,1.959e-01,6.179e-04,1,2nd
"Block(16,0.1)",2,est,30.37532,37.64565,1.834e-01,7.851e-04,1,2nd
"Block(16,0.1)",4,est,19.60982,22.95878,1.635e-01,1.844e-04,1,2nd
"Block(16,0.1)",8,est,11.43346,9.587,1.429e-01,7.215e-04,1,2nd
"Block(16,0.1)",16,est,6.22376,3.1478,1.237e-01,1.212e-03,1,2nd
"Block(64,0.02)",1,est,8.35648,13.90117,1.238e-01,1.444e-02,1,2nd
"Block(64,0.02)",2,est,4.40989,4.34976,9.260e-02,1.072e-02,1,2nd
"Block(64,0.02)",4,est,2.26728,1.21759,4.332e-02,1.308e-03,1,2nd
"Block(64,0.02)",8,est,2.23482,1.16348,4.379e-02,1.175e-03,1,2nd
"Block(64,0.02)",16,est,2.17154,1.06158,4.478e-02,9.642e-04,1,2nd
"Block(64,0.1)",1,est,21.48235,30.50366,1.761e-01,1.228e-04,1,2nd
"Block(64,0.1)",2,est,12.8178,14.11018,1.638e-01,1.500e-03,1,2nd
"Block(64,0.1)",4,est,7.09025,4.98595,1.456e-01,2.565e-03,1,2nd
"Block(64,0.1)",8,est,6.70797,4.25526,1.452e-01,2.176e-03,1,2nd
"Block(64,0.1)",16,est,6.02177,3.09805,1.244e-01,1.388e-03,1,2nd
ShiftMix(0.05),1,est,40.67821,136.16831,1.758e-01,1.098e-03,1,2nd
ShiftMix(0.05),2,est,38.10196,121.09876,1.602e-01,8.632e-04,1,2nd
ShiftMix(0.05),4,est,33.44763,90.93209,9.747e-02,1.267e-03,1,2nd
ShiftMix(0.05),8,est,25.878,41.01955,9.076e-03,1.230e-02,0,
ShiftMix(0.05),16,est,15.99983,0.00024,2.414e-07,2.621e-07,0,
ShiftMix(0.2),1,est,57.08146,26.02604,1.991e-01,2.137e-04,1,2nd
ShiftMix(0.2),2,est,51.33165,30.80656,1.619e-01,2.257e-04,1,2nd
ShiftMix(0.2),4,est,41.82976,25.43605,7.949e-02,2.432e-04,1,2nd
ShiftMix(0.2),8,est,28.77423,7.80207,5.716e-03,1.023e-04,0,
ShiftMix(0.2),16,est,15.96012,0.05831,6.923e-05,5.553e-05,0,
